{
    "counters": {
        "u_column": 8,
        "u_row": 8,
        "u_content_text": 7,
        "u_content_image": 4,
        "u_content_html": 1,
        "u_content_button": 3
    },
    "body": {
        "rows": [
            {
                "cells": [
                    1
                ],
                "columns": [
                    {
                        "contents": [
                            {
                                "type": "text",
                                "values": {
                                    "containerPadding": "10px",
                                    "color": "#ffffff",
                                    "textAlign": "left",
                                    "lineHeight": "140%",
                                    "linkStyle": {
                                        "inherit": true,
                                        "linkColor": "#0000ee",
                                        "linkHoverColor": "#0000ee",
                                        "linkUnderline": true,
                                        "linkHoverUnderline": true
                                    },
                                    "_meta": {
                                        "htmlID": "u_content_text_1",
                                        "htmlClassNames": "u_content_text"
                                    },
                                    "selectable": true,
                                    "draggable": true,
                                    "duplicatable": true,
                                    "deletable": true,
                                    "hideable": true,
                                    "text": "<p style=\"font-size: 14px; line-height: 140%; text-align: center;\"><span style=\"font-size: 14px; line-height: 19.6px;\">Get free financial consultation!</span></p>"
                                }
                            }
                        ],
                        "values": {
                            "backgroundColor": "",
                            "padding": "0px",
                            "border": {},
                            "_meta": {
                                "htmlID": "u_column_1",
                                "htmlClassNames": "u_column"
                            }
                        }
                    }
                ],
                "values": {
                    "displayCondition": null,
                    "columns": false,
                    "backgroundColor": "#1dbad6",
                    "columnsBackgroundColor": "",
                    "backgroundImage": {
                        "url": "",
                        "fullWidth": true,
                        "cover": false,
                        "repeat": false,
                        "center": true
                    },
                    "padding": "10px",
                    "hideDesktop": false,
                    "_meta": {
                        "htmlID": "u_row_1",
                        "htmlClassNames": "u_row"
                    },
                    "selectable": true,
                    "draggable": true,
                    "duplicatable": true,
                    "deletable": true,
                    "hideable": true
                }
            },
            {
                "cells": [
                    1
                ],
                "columns": [
                    {
                        "contents": [
                            {
                                "type": "image",
                                "values": {
                                    "containerPadding": "10px",
                                    "src": {
                                        "url": "https://sdemailmarketing.com/images/common/templates/messages/738/1/img/738_02.png",
                                        "width": 313,
                                        "height": 50
                                    },
                                    "textAlign": "center",
                                    "altText": "Image",
                                    "action": {
                                        "name": "web",
                                        "values": {
                                            "href": "",
                                            "target": "_blank"
                                        }
                                    },
                                    "_meta": {
                                        "htmlID": "u_content_image_1",
                                        "htmlClassNames": "u_content_image"
                                    },
                                    "selectable": true,
                                    "draggable": true,
                                    "duplicatable": true,
                                    "deletable": true,
                                    "hideable": true
                                }
                            }
                        ],
                        "values": {
                            "backgroundColor": "",
                            "padding": "0px",
                            "border": {},
                            "_meta": {
                                "htmlID": "u_column_2",
                                "htmlClassNames": "u_column"
                            }
                        }
                    }
                ],
                "values": {
                    "displayCondition": null,
                    "columns": false,
                    "backgroundColor": "#00aece",
                    "columnsBackgroundColor": "",
                    "backgroundImage": {
                        "url": "",
                        "fullWidth": true,
                        "cover": false,
                        "repeat": false,
                        "center": true
                    },
                    "padding": "5px",
                    "hideDesktop": false,
                    "_meta": {
                        "htmlID": "u_row_2",
                        "htmlClassNames": "u_row"
                    },
                    "selectable": true,
                    "draggable": true,
                    "duplicatable": true,
                    "deletable": true,
                    "hideable": true
                }
            },
            {
                "cells": [
                    1
                ],
                "columns": [
                    {
                        "contents": [
                            {
                                "type": "text",
                                "values": {
                                    "containerPadding": "10px",
                                    "color": "#ffffff",
                                    "textAlign": "left",
                                    "lineHeight": "140%",
                                    "linkStyle": {
                                        "inherit": true,
                                        "linkColor": "#0000ee",
                                        "linkHoverColor": "#0000ee",
                                        "linkUnderline": true,
                                        "linkHoverUnderline": true
                                    },
                                    "_meta": {
                                        "htmlID": "u_content_text_3",
                                        "htmlClassNames": "u_content_text"
                                    },
                                    "selectable": true,
                                    "draggable": true,
                                    "duplicatable": true,
                                    "deletable": true,
                                    "hideable": true,
                                    "text": "<p style=\"font-size: 14px; line-height: 140%;\"><strong><span style=\"font-size: 48px; line-height: 67.2px;\">Corporate marketing experts bring you <span style=\"line-height: 67.2px; font-size: 48px; color: #70ff00;\"><span style=\"line-height: 67.2px; font-size: 48px;\">the latest tactics and best practice</span>s</span>&nbsp;in our monthly whitepaper.</span></strong></p>"
                                }
                            }
                        ],
                        "values": {
                            "backgroundColor": "",
                            "padding": "0px",
                            "border": {},
                            "_meta": {
                                "htmlID": "u_column_3",
                                "htmlClassNames": "u_column"
                            }
                        }
                    }
                ],
                "values": {
                    "displayCondition": null,
                    "columns": false,
                    "backgroundColor": "#00aece",
                    "columnsBackgroundColor": "",
                    "backgroundImage": {
                        "url": "",
                        "fullWidth": true,
                        "cover": false,
                        "repeat": false,
                        "center": true
                    },
                    "padding": "5px",
                    "hideDesktop": false,
                    "_meta": {
                        "htmlID": "u_row_3",
                        "htmlClassNames": "u_row"
                    },
                    "selectable": true,
                    "draggable": true,
                    "duplicatable": true,
                    "deletable": true,
                    "hideable": true
                }
            },
            {
                "cells": [
                    1
                ],
                "columns": [
                    {
                        "contents": [
                            {
                                "type": "text",
                                "values": {
                                    "containerPadding": "10px",
                                    "color": "#ffffff",
                                    "textAlign": "left",
                                    "lineHeight": "140%",
                                    "linkStyle": {
                                        "inherit": true,
                                        "linkColor": "#0000ee",
                                        "linkHoverColor": "#0000ee",
                                        "linkUnderline": true,
                                        "linkHoverUnderline": true
                                    },
                                    "_meta": {
                                        "htmlID": "u_content_text_6",
                                        "htmlClassNames": "u_content_text"
                                    },
                                    "selectable": true,
                                    "draggable": true,
                                    "duplicatable": true,
                                    "deletable": true,
                                    "hideable": true,
                                    "text": "<p style=\"font-size: 14px; line-height: 140%; text-align: left;\"><span style=\"font-size: 22px; line-height: 30.8px;\">In this whitepaper, you&rsquo;ll learn how to reinvent your company&rsquo;s marketing strategy. It includes marketing fundamentals, case studies, and an analysis of current approaches to online marketing.</span></p>"
                                }
                            }
                        ],
                        "values": {
                            "backgroundColor": "",
                            "padding": "0px",
                            "border": {},
                            "_meta": {
                                "htmlID": "u_column_5",
                                "htmlClassNames": "u_column"
                            }
                        }
                    }
                ],
                "values": {
                    "displayCondition": null,
                    "columns": false,
                    "backgroundColor": "#00aece",
                    "columnsBackgroundColor": "",
                    "backgroundImage": {
                        "url": "",
                        "fullWidth": true,
                        "cover": false,
                        "repeat": false,
                        "center": true
                    },
                    "padding": "5px",
                    "hideDesktop": false,
                    "_meta": {
                        "htmlID": "u_row_5",
                        "htmlClassNames": "u_row"
                    },
                    "selectable": true,
                    "draggable": true,
                    "duplicatable": true,
                    "deletable": true,
                    "hideable": true
                }
            },
            {
                "cells": [
                    1
                ],
                "columns": [
                    {
                        "contents": [
                            {
                                "type": "image",
                                "values": {
                                    "containerPadding": "10px",
                                    "src": {
                                        "url": "https://sdemailmarketing.com/images/common/templates/messages/738/1/img/738_03.png",
                                        "width": 325,
                                        "height": 363
                                    },
                                    "textAlign": "center",
                                    "altText": "Image",
                                    "action": {
                                        "name": "web",
                                        "values": {
                                            "href": "",
                                            "target": "_blank"
                                        }
                                    },
                                    "_meta": {
                                        "htmlID": "u_content_image_3",
                                        "htmlClassNames": "u_content_image"
                                    },
                                    "selectable": true,
                                    "draggable": true,
                                    "duplicatable": true,
                                    "deletable": true,
                                    "hideable": true
                                }
                            }
                        ],
                        "values": {
                            "backgroundColor": "",
                            "padding": "0px",
                            "border": {},
                            "_meta": {
                                "htmlID": "u_column_6",
                                "htmlClassNames": "u_column"
                            }
                        }
                    }
                ],
                "values": {
                    "displayCondition": null,
                    "columns": false,
                    "backgroundColor": "#00aece",
                    "columnsBackgroundColor": "",
                    "backgroundImage": {
                        "url": "",
                        "fullWidth": true,
                        "cover": false,
                        "repeat": false,
                        "center": true
                    },
                    "padding": "5px",
                    "hideDesktop": false,
                    "_meta": {
                        "htmlID": "u_row_6",
                        "htmlClassNames": "u_row"
                    },
                    "selectable": true,
                    "draggable": true,
                    "duplicatable": true,
                    "deletable": true,
                    "hideable": true
                }
            },
            {
                "cells": [
                    1
                ],
                "columns": [
                    {
                        "contents": [
                            {
                                "type": "button",
                                "values": {
                                    "containerPadding": "10px",
                                    "href": {
                                        "name": "web",
                                        "values": {
                                            "href": "",
                                            "target": "_blank"
                                        }
                                    },
                                    "buttonColors": {
                                        "color": "#FFFFFF",
                                        "backgroundColor": "#5fdf00",
                                        "hoverColor": "#FFFFFF",
                                        "hoverBackgroundColor": "#3AAEE0"
                                    },
                                    "size": {
                                        "autoWidth": false,
                                        "width": "70%"
                                    },
                                    "textAlign": "center",
                                    "lineHeight": "120%",
                                    "padding": "15px 20px",
                                    "border": {},
                                    "borderRadius": "0px",
                                    "_meta": {
                                        "htmlID": "u_content_button_1",
                                        "htmlClassNames": "u_content_button"
                                    },
                                    "selectable": true,
                                    "draggable": true,
                                    "duplicatable": true,
                                    "deletable": true,
                                    "hideable": true,
                                    "text": "<span style=\"font-size: 24px; line-height: 28.8px;\">Sign up now to download</span>",
                                    "calculatedWidth": 336,
                                    "calculatedHeight": 58
                                }
                            }
                        ],
                        "values": {
                            "backgroundColor": "",
                            "padding": "0px",
                            "border": {},
                            "_meta": {
                                "htmlID": "u_column_7",
                                "htmlClassNames": "u_column"
                            }
                        }
                    }
                ],
                "values": {
                    "displayCondition": null,
                    "columns": false,
                    "backgroundColor": "#00aece",
                    "columnsBackgroundColor": "",
                    "backgroundImage": {
                        "url": "",
                        "fullWidth": true,
                        "cover": false,
                        "repeat": false,
                        "center": true
                    },
                    "padding": "5px",
                    "hideDesktop": false,
                    "_meta": {
                        "htmlID": "u_row_7",
                        "htmlClassNames": "u_row"
                    },
                    "selectable": true,
                    "draggable": true,
                    "duplicatable": true,
                    "deletable": true,
                    "hideable": true
                }
            },
            {
                "cells": [
                    1
                ],
                "columns": [
                    {
                        "contents": [
                            {
                                "type": "button",
                                "values": {
                                    "containerPadding": "10px",
                                    "href": {
                                        "name": "web",
                                        "values": {
                                            "href": "",
                                            "target": "_blank"
                                        }
                                    },
                                    "buttonColors": {
                                        "color": "#FFFFFF",
                                        "backgroundColor": "#00aece",
                                        "hoverColor": "#FFFFFF",
                                        "hoverBackgroundColor": "#3AAEE0"
                                    },
                                    "size": {
                                        "autoWidth": true,
                                        "width": "100%"
                                    },
                                    "textAlign": "center",
                                    "lineHeight": "120%",
                                    "padding": "10px 20px 30px",
                                    "border": {},
                                    "borderRadius": "4px",
                                    "_meta": {
                                        "htmlID": "u_content_button_3",
                                        "htmlClassNames": "u_content_button"
                                    },
                                    "selectable": true,
                                    "draggable": true,
                                    "duplicatable": true,
                                    "deletable": true,
                                    "hideable": true,
                                    "text": "<span style=\"font-size: 18px; line-height: 21.6px;\">or learn more about us</span>",
                                    "calculatedWidth": 222,
                                    "calculatedHeight": 61
                                }
                            }
                        ],
                        "values": {
                            "backgroundColor": "",
                            "padding": "0px",
                            "border": {},
                            "_meta": {
                                "htmlID": "u_column_8",
                                "htmlClassNames": "u_column"
                            }
                        }
                    }
                ],
                "values": {
                    "displayCondition": null,
                    "columns": false,
                    "backgroundColor": "#00aece",
                    "columnsBackgroundColor": "",
                    "backgroundImage": {
                        "url": "",
                        "fullWidth": true,
                        "cover": false,
                        "repeat": false,
                        "center": true
                    },
                    "padding": "5px",
                    "hideDesktop": false,
                    "_meta": {
                        "htmlID": "u_row_8",
                        "htmlClassNames": "u_row"
                    },
                    "selectable": true,
                    "draggable": true,
                    "duplicatable": true,
                    "deletable": true,
                    "hideable": true
                }
            }
        ],
        "values": {
            "textColor": "#000000",
            "backgroundColor": "#e7e7e7",
            "backgroundImage": {
                "url": "",
                "fullWidth": true,
                "repeat": false,
                "center": true,
                "cover": false
            },
            "contentWidth": "500px",
            "contentAlign": "center",
            "fontFamily": {
                "label": "Arial",
                "value": "arial,helvetica,sans-serif"
            },
            "preheaderText": "",
            "linkStyle": {
                "body": true,
                "linkColor": "#0000ee",
                "linkHoverColor": "#0000ee",
                "linkUnderline": true,
                "linkHoverUnderline": true
            },
            "_meta": {
                "htmlID": "u_body",
                "htmlClassNames": "u_body"
            }
        }
    },
    "schemaVersion": 6
}