{
    "body": {
      "rows": [
        {
          "cells": [
            1
          ],
          "values": {
            "_meta": {
              "htmlID": "u_row_1",
              "htmlClassNames": "u_row"
            },
            "columns": false,
            "padding": "0px",
            "deletable": true,
            "draggable": true,
            "hideMobile": false,
            "selectable": true,
            "hideDesktop": false,
            "duplicatable": true,
            "noStackMobile": false,
            "backgroundColor": "",
            "backgroundImage": {
              "url": "https://cdn.templates.unlayer.com/assets/1596352620047-sss.png",
              "cover": false,
              "width": 800,
              "center": true,
              "height": 400,
              "repeat": false,
              "fullWidth": false
            },
            "displayCondition": null,
            "columnsBackgroundColor": "#040408"
          },
          "columns": [
            {
              "values": {
                "_meta": {
                  "htmlID": "u_column_1",
                  "htmlClassNames": "u_column"
                },
                "border": {},
                "padding": "0px",
                "backgroundColor": ""
              },
              "contents": [
                {
                  "type": "image",
                  "values": {
                    "src": {
                      "url": "https://cdn.templates.unlayer.com/assets/1596352697201-dddd.png",
                      "width": 204,
                      "height": 55,
                      "maxWidth": "23%",
                      "autoWidth": false
                    },
                    "_meta": {
                      "htmlID": "u_content_image_1",
                      "htmlClassNames": "u_content_image"
                    },
                    "action": {
                      "name": "web",
                      "values": {
                        "href": "",
                        "target": "_blank"
                      }
                    },
                    "altText": "Image",
                    "deletable": true,
                    "draggable": true,
                    "textAlign": "left",
                    "hideMobile": false,
                    "selectable": true,
                    "hideDesktop": false,
                    "duplicatable": true,
                    "containerPadding": "33px"
                  }
                },
                {
                  "type": "text",
                  "values": {
                    "text": "<p style=\"font-size: 14px; line-height: 140%;\"><strong><span style=\"font-size: 20px; line-height: 28px;\">CYBER</span></strong></p>\n<p style=\"font-size: 14px; line-height: 140%;\"><strong><span style=\"font-size: 48px; line-height: 67.2px;\">MONDAY</span></strong></p>\n<p style=\"line-height: 140%; font-size: 14px;\"><span style=\"line-height: 19.6px; font-size: 14px;\"><strong><span style=\"line-height: 19.6px; font-family: Montserrat, sans-serif; font-size: 14px;\"><span style=\"font-size: 72px; line-height: 100.8px; color: #f1c40f;\">50% </span><span style=\"font-size: 30px; line-height: 42px;\"><span style=\"line-height: 42px; font-size: 30px;\">off</span><span style=\"line-height: 42px; font-size: 30px;\"> </span><span style=\"line-height: 42px; font-size: 30px;\">SALE</span><span style=\"line-height: 42px; font-size: 30px;\">&nbsp;</span></span></span></strong></span></p>",
                    "_meta": {
                      "htmlID": "u_content_text_1",
                      "htmlClassNames": "u_content_text"
                    },
                    "color": "#ffffff",
                    "deletable": true,
                    "draggable": true,
                    "linkStyle": {
                      "inherit": true,
                      "linkColor": "#0000ee",
                      "linkUnderline": true,
                      "linkHoverColor": "#0000ee",
                      "linkHoverUnderline": true
                    },
                    "textAlign": "left",
                    "hideMobile": false,
                    "lineHeight": "140%",
                    "selectable": true,
                    "hideDesktop": false,
                    "duplicatable": true,
                    "containerPadding": "10px 33px 24px"
                  }
                }
              ]
            }
          ]
        },
        {
          "cells": [
            1
          ],
          "values": {
            "_meta": {
              "htmlID": "u_row_6",
              "htmlClassNames": "u_row"
            },
            "columns": false,
            "padding": "0px",
            "deletable": true,
            "draggable": true,
            "hideMobile": false,
            "selectable": true,
            "hideDesktop": false,
            "duplicatable": true,
            "noStackMobile": false,
            "backgroundColor": "",
            "backgroundImage": {
              "url": "",
              "cover": false,
              "center": true,
              "repeat": false,
              "fullWidth": true
            },
            "displayCondition": null,
            "columnsBackgroundColor": "#236fa1"
          },
          "columns": [
            {
              "values": {
                "_meta": {
                  "htmlID": "u_column_12",
                  "htmlClassNames": "u_column"
                },
                "border": {},
                "padding": "0px",
                "backgroundColor": ""
              },
              "contents": [
                {
                  "type": "divider",
                  "values": {
                    "_meta": {
                      "htmlID": "u_content_divider_3",
                      "htmlClassNames": "u_content_divider"
                    },
                    "width": "100%",
                    "border": {
                      "borderTopColor": "#236fa1",
                      "borderTopStyle": "solid",
                      "borderTopWidth": "1px"
                    },
                    "deletable": true,
                    "draggable": true,
                    "textAlign": "center",
                    "hideMobile": false,
                    "selectable": true,
                    "hideDesktop": false,
                    "duplicatable": true,
                    "containerPadding": "3px"
                  }
                }
              ]
            }
          ]
        },
        {
          "cells": [
            1,
            1,
            1,
            1
          ],
          "values": {
            "_meta": {
              "htmlID": "u_row_4",
              "htmlClassNames": "u_row"
            },
            "columns": false,
            "padding": "0px",
            "_override": {
              "mobile": {
                "noStackMobile": false
              }
            },
            "deletable": true,
            "draggable": true,
            "hideMobile": false,
            "selectable": true,
            "hideDesktop": false,
            "duplicatable": true,
            "noStackMobile": false,
            "backgroundColor": "",
            "backgroundImage": {
              "url": "",
              "cover": false,
              "center": true,
              "repeat": false,
              "fullWidth": true
            },
            "displayCondition": null,
            "columnsBackgroundColor": "#236fa1"
          },
          "columns": [
            {
              "values": {
                "_meta": {
                  "htmlID": "u_column_7",
                  "htmlClassNames": "u_column"
                },
                "border": {},
                "padding": "0px",
                "backgroundColor": ""
              },
              "contents": [
                {
                  "type": "text",
                  "values": {
                    "text": "<p style=\"font-size: 14px; line-height: 140%;\"><strong><span style=\"font-size: 14px; line-height: 19.6px;\">HOME</span></strong></p>",
                    "_meta": {
                      "htmlID": "u_content_text_4",
                      "htmlClassNames": "u_content_text"
                    },
                    "color": "#ffffff",
                    "deletable": true,
                    "draggable": true,
                    "linkStyle": {
                      "inherit": true,
                      "linkColor": "#0000ee",
                      "linkUnderline": true,
                      "linkHoverColor": "#0000ee",
                      "linkHoverUnderline": true
                    },
                    "textAlign": "center",
                    "hideMobile": false,
                    "lineHeight": "140%",
                    "selectable": true,
                    "hideDesktop": false,
                    "duplicatable": true,
                    "containerPadding": "5px"
                  }
                }
              ]
            },
            {
              "values": {
                "_meta": {
                  "htmlID": "u_column_8",
                  "htmlClassNames": "u_column"
                },
                "border": {},
                "padding": "0px",
                "backgroundColor": ""
              },
              "contents": [
                {
                  "type": "text",
                  "values": {
                    "text": "<p style=\"font-size: 14px; line-height: 140%;\"><strong><span style=\"font-size: 14px; line-height: 19.6px;\">ELECTRONICS</span></strong></p>",
                    "_meta": {
                      "htmlID": "u_content_text_5",
                      "htmlClassNames": "u_content_text"
                    },
                    "color": "#ffffff",
                    "deletable": true,
                    "draggable": true,
                    "linkStyle": {
                      "inherit": true,
                      "linkColor": "#0000ee",
                      "linkUnderline": true,
                      "linkHoverColor": "#0000ee",
                      "linkHoverUnderline": true
                    },
                    "textAlign": "center",
                    "hideMobile": false,
                    "lineHeight": "140%",
                    "selectable": true,
                    "hideDesktop": false,
                    "duplicatable": true,
                    "containerPadding": "5px"
                  }
                }
              ]
            },
            {
              "values": {
                "_meta": {
                  "htmlID": "u_column_9",
                  "htmlClassNames": "u_column"
                },
                "border": {},
                "padding": "0px",
                "backgroundColor": ""
              },
              "contents": [
                {
                  "type": "text",
                  "values": {
                    "text": "<p style=\"font-size: 14px; line-height: 140%;\"><strong><span style=\"font-size: 14px; line-height: 19.6px;\">ALL CATEGORIES</span></strong></p>",
                    "_meta": {
                      "htmlID": "u_content_text_6",
                      "htmlClassNames": "u_content_text"
                    },
                    "color": "#ffffff",
                    "deletable": true,
                    "draggable": true,
                    "linkStyle": {
                      "inherit": true,
                      "linkColor": "#0000ee",
                      "linkUnderline": true,
                      "linkHoverColor": "#0000ee",
                      "linkHoverUnderline": true
                    },
                    "textAlign": "center",
                    "hideMobile": false,
                    "lineHeight": "140%",
                    "selectable": true,
                    "hideDesktop": false,
                    "duplicatable": true,
                    "containerPadding": "5px"
                  }
                }
              ]
            },
            {
              "values": {
                "_meta": {
                  "htmlID": "u_column_10",
                  "htmlClassNames": "u_column"
                },
                "border": {},
                "padding": "0px",
                "backgroundColor": ""
              },
              "contents": [
                {
                  "type": "text",
                  "values": {
                    "text": "<p style=\"font-size: 14px; line-height: 140%;\"><strong><span style=\"font-size: 14px; line-height: 19.6px;\">SALE</span></strong></p>",
                    "_meta": {
                      "htmlID": "u_content_text_3",
                      "htmlClassNames": "u_content_text"
                    },
                    "color": "#ffffff",
                    "deletable": true,
                    "draggable": true,
                    "linkStyle": {
                      "inherit": true,
                      "linkColor": "#0000ee",
                      "linkUnderline": true,
                      "linkHoverColor": "#0000ee",
                      "linkHoverUnderline": true
                    },
                    "textAlign": "center",
                    "hideMobile": false,
                    "lineHeight": "140%",
                    "selectable": true,
                    "hideDesktop": false,
                    "duplicatable": true,
                    "containerPadding": "5px"
                  }
                }
              ]
            }
          ]
        },
        {
          "cells": [
            1
          ],
          "values": {
            "_meta": {
              "htmlID": "u_row_5",
              "htmlClassNames": "u_row"
            },
            "columns": false,
            "padding": "0px",
            "deletable": true,
            "draggable": true,
            "hideMobile": false,
            "selectable": true,
            "hideDesktop": false,
            "duplicatable": true,
            "noStackMobile": false,
            "backgroundColor": "",
            "backgroundImage": {
              "url": "",
              "cover": false,
              "center": true,
              "repeat": false,
              "fullWidth": true
            },
            "displayCondition": null,
            "columnsBackgroundColor": "#236fa1"
          },
          "columns": [
            {
              "values": {
                "_meta": {
                  "htmlID": "u_column_11",
                  "htmlClassNames": "u_column"
                },
                "border": {},
                "padding": "0px",
                "backgroundColor": ""
              },
              "contents": [
                {
                  "type": "divider",
                  "values": {
                    "_meta": {
                      "htmlID": "u_content_divider_2",
                      "htmlClassNames": "u_content_divider"
                    },
                    "width": "100%",
                    "border": {
                      "borderTopColor": "#236fa1",
                      "borderTopStyle": "solid",
                      "borderTopWidth": "1px"
                    },
                    "deletable": true,
                    "draggable": true,
                    "textAlign": "center",
                    "hideMobile": false,
                    "selectable": true,
                    "hideDesktop": false,
                    "duplicatable": true,
                    "containerPadding": "3px"
                  }
                }
              ]
            }
          ]
        },
        {
          "cells": [
            1
          ],
          "values": {
            "_meta": {
              "htmlID": "u_row_8",
              "htmlClassNames": "u_row"
            },
            "columns": false,
            "padding": "0px",
            "deletable": true,
            "draggable": true,
            "hideMobile": false,
            "selectable": true,
            "hideDesktop": false,
            "duplicatable": true,
            "noStackMobile": false,
            "backgroundColor": "",
            "backgroundImage": {
              "url": "",
              "cover": false,
              "center": true,
              "repeat": false,
              "fullWidth": true
            },
            "displayCondition": null,
            "columnsBackgroundColor": "#ffffff"
          },
          "columns": [
            {
              "values": {
                "_meta": {
                  "htmlID": "u_column_15",
                  "htmlClassNames": "u_column"
                },
                "border": {},
                "padding": "0px",
                "backgroundColor": ""
              },
              "contents": [
                {
                  "type": "text",
                  "values": {
                    "text": "<p style=\"font-size: 14px; line-height: 140%;\"><span style=\"font-size: 22px; line-height: 30.8px; color: #236fa1;\"><strong><span style=\"line-height: 30.8px; font-size: 22px;\">BEST SALE&nbsp;</span></strong></span></p>\n<p style=\"font-size: 14px; line-height: 140%;\"><span style=\"font-size: 22px; line-height: 30.8px;\"><strong><span style=\"line-height: 30.8px; font-size: 22px;\">SPECIAL OFFER</span></strong></span></p>",
                    "_meta": {
                      "htmlID": "u_content_text_7",
                      "htmlClassNames": "u_content_text"
                    },
                    "color": "#f1c40f",
                    "deletable": true,
                    "draggable": true,
                    "linkStyle": {
                      "inherit": true,
                      "linkColor": "#0000ee",
                      "linkUnderline": true,
                      "linkHoverColor": "#0000ee",
                      "linkHoverUnderline": true
                    },
                    "textAlign": "center",
                    "hideMobile": false,
                    "lineHeight": "140%",
                    "selectable": true,
                    "hideDesktop": false,
                    "duplicatable": true,
                    "containerPadding": "33px 10px 19px"
                  }
                }
              ]
            }
          ]
        },
        {
          "cells": [
            1,
            1
          ],
          "values": {
            "_meta": {
              "htmlID": "u_row_7",
              "htmlClassNames": "u_row"
            },
            "columns": false,
            "padding": "0px",
            "deletable": true,
            "draggable": true,
            "hideMobile": false,
            "selectable": true,
            "hideDesktop": false,
            "duplicatable": true,
            "noStackMobile": false,
            "backgroundColor": "",
            "backgroundImage": {
              "url": "",
              "cover": false,
              "center": true,
              "repeat": false,
              "fullWidth": true
            },
            "displayCondition": null,
            "columnsBackgroundColor": "#ffffff"
          },
          "columns": [
            {
              "values": {
                "_meta": {
                  "htmlID": "u_column_13",
                  "htmlClassNames": "u_column"
                },
                "border": {},
                "padding": "0px",
                "backgroundColor": ""
              },
              "contents": [
                {
                  "type": "image",
                  "values": {
                    "src": {
                      "url": "https://cdn.templates.unlayer.com/assets/1596353757855-blob",
                      "width": 500,
                      "height": 396,
                      "maxWidth": "84%",
                      "autoWidth": false
                    },
                    "_meta": {
                      "htmlID": "u_content_image_3",
                      "htmlClassNames": "u_content_image"
                    },
                    "action": {
                      "name": "web",
                      "values": {
                        "href": "",
                        "target": "_blank"
                      }
                    },
                    "altText": "Image",
                    "deletable": true,
                    "draggable": true,
                    "textAlign": "center",
                    "hideMobile": false,
                    "selectable": true,
                    "hideDesktop": false,
                    "duplicatable": true,
                    "containerPadding": "10px"
                  }
                },
                {
                  "type": "text",
                  "values": {
                    "text": "<p style=\"font-size: 14px; line-height: 140%;\"><strong><span style=\"font-size: 14px; line-height: 19.6px;\">MONITORS</span></strong></p>",
                    "_meta": {
                      "htmlID": "u_content_text_11",
                      "htmlClassNames": "u_content_text"
                    },
                    "color": "#236fa1",
                    "deletable": true,
                    "draggable": true,
                    "linkStyle": {
                      "inherit": true,
                      "linkColor": "#0000ee",
                      "linkUnderline": true,
                      "linkHoverColor": "#0000ee",
                      "linkHoverUnderline": true
                    },
                    "textAlign": "center",
                    "hideMobile": false,
                    "lineHeight": "140%",
                    "selectable": true,
                    "hideDesktop": false,
                    "duplicatable": true,
                    "containerPadding": "10px"
                  }
                },
                {
                  "type": "text",
                  "values": {
                    "text": "<p style=\"font-size: 14px; line-height: 140%;\"><span style=\"font-size: 24px; line-height: 33.6px;\"><strong><span style=\"line-height: 33.6px; font-size: 24px;\">DELL 24\" Black</span></strong></span></p>",
                    "_meta": {
                      "htmlID": "u_content_text_13",
                      "htmlClassNames": "u_content_text"
                    },
                    "color": "#34495e",
                    "deletable": true,
                    "draggable": true,
                    "linkStyle": {
                      "inherit": true,
                      "linkColor": "#0000ee",
                      "linkUnderline": true,
                      "linkHoverColor": "#0000ee",
                      "linkHoverUnderline": true
                    },
                    "textAlign": "center",
                    "hideMobile": false,
                    "lineHeight": "140%",
                    "selectable": true,
                    "hideDesktop": false,
                    "duplicatable": true,
                    "containerPadding": "0px 10px"
                  }
                },
                {
                  "type": "text",
                  "values": {
                    "text": "<p style=\"font-size: 14px; line-height: 140%;\"><span style=\"text-decoration: line-through; font-size: 14px; line-height: 19.6px; color: #80888d;\"><strong><span style=\"font-size: 14px; line-height: 19.6px;\">399$</span></strong></span><span style=\"font-size: 14px; line-height: 19.6px;\"><strong><span style=\"font-size: 14px; line-height: 19.6px;\"><span style=\"color: #80888d; font-size: 14px; line-height: 19.6px;\">&nbsp;</span> <span style=\"font-size: 18px; line-height: 25.2px;\">200$</span></span></strong></span></p>",
                    "_meta": {
                      "htmlID": "u_content_text_12",
                      "htmlClassNames": "u_content_text"
                    },
                    "color": "#34495e",
                    "deletable": true,
                    "draggable": true,
                    "linkStyle": {
                      "inherit": true,
                      "linkColor": "#0000ee",
                      "linkUnderline": true,
                      "linkHoverColor": "#0000ee",
                      "linkHoverUnderline": true
                    },
                    "textAlign": "center",
                    "hideMobile": false,
                    "lineHeight": "140%",
                    "selectable": true,
                    "hideDesktop": false,
                    "duplicatable": true,
                    "containerPadding": "10px"
                  }
                },
                {
                  "type": "button",
                  "values": {
                    "href": {
                      "name": "web",
                      "values": {
                        "href": "",
                        "target": "_blank"
                      }
                    },
                    "size": {
                      "width": "100%",
                      "autoWidth": true
                    },
                    "text": "<strong><span style=\"font-size: 14px; line-height: 16.8px;\">SHOP NOW</span></strong>",
                    "_meta": {
                      "htmlID": "u_content_button_2",
                      "htmlClassNames": "u_content_button"
                    },
                    "border": {},
                    "padding": "13px 25px",
                    "deletable": true,
                    "draggable": true,
                    "textAlign": "center",
                    "hideMobile": false,
                    "lineHeight": "120%",
                    "selectable": true,
                    "hideDesktop": false,
                    "borderRadius": "0px",
                    "buttonColors": {
                      "color": "#FFFFFF",
                      "hoverColor": "#FFFFFF",
                      "backgroundColor": "#236fa1",
                      "hoverBackgroundColor": "#3AAEE0"
                    },
                    "duplicatable": true,
                    "calculatedWidth": 135,
                    "calculatedHeight": 42,
                    "containerPadding": "12px"
                  }
                }
              ]
            },
            {
              "values": {
                "_meta": {
                  "htmlID": "u_column_14",
                  "htmlClassNames": "u_column"
                },
                "border": {},
                "padding": "0px",
                "backgroundColor": ""
              },
              "contents": [
                {
                  "type": "image",
                  "values": {
                    "src": {
                      "url": "https://cdn.templates.unlayer.com/assets/1596354189729-blob",
                      "width": 233,
                      "height": 149,
                      "maxWidth": "85%",
                      "autoWidth": false
                    },
                    "_meta": {
                      "htmlID": "u_content_image_2",
                      "htmlClassNames": "u_content_image"
                    },
                    "action": {
                      "name": "web",
                      "values": {
                        "href": "",
                        "target": "_blank"
                      }
                    },
                    "altText": "Image",
                    "deletable": true,
                    "draggable": true,
                    "textAlign": "center",
                    "hideMobile": false,
                    "selectable": true,
                    "hideDesktop": false,
                    "duplicatable": true,
                    "containerPadding": "10px"
                  }
                },
                {
                  "type": "divider",
                  "values": {
                    "_meta": {
                      "htmlID": "u_content_divider_4",
                      "htmlClassNames": "u_content_divider"
                    },
                    "width": "100%",
                    "border": {
                      "borderTopColor": "#ffffff",
                      "borderTopStyle": "solid",
                      "borderTopWidth": "1px"
                    },
                    "_override": {
                      "mobile": {
                        "hideMobile": true
                      }
                    },
                    "deletable": true,
                    "draggable": true,
                    "textAlign": "center",
                    "hideMobile": false,
                    "selectable": true,
                    "hideDesktop": false,
                    "duplicatable": true,
                    "containerPadding": "15px"
                  }
                },
                {
                  "type": "text",
                  "values": {
                    "text": "<p style=\"font-size: 14px; line-height: 140%;\"><strong><span style=\"font-size: 14px; line-height: 19.6px;\">MACBOOK</span></strong></p>",
                    "_meta": {
                      "htmlID": "u_content_text_10",
                      "htmlClassNames": "u_content_text"
                    },
                    "color": "#236fa1",
                    "deletable": true,
                    "draggable": true,
                    "linkStyle": {
                      "inherit": true,
                      "linkColor": "#0000ee",
                      "linkUnderline": true,
                      "linkHoverColor": "#0000ee",
                      "linkHoverUnderline": true
                    },
                    "textAlign": "center",
                    "hideMobile": false,
                    "lineHeight": "140%",
                    "selectable": true,
                    "hideDesktop": false,
                    "duplicatable": true,
                    "containerPadding": "10px"
                  }
                },
                {
                  "type": "text",
                  "values": {
                    "text": "<p style=\"font-size: 14px; line-height: 140%;\"><span style=\"font-size: 24px; line-height: 33.6px;\"><strong><span style=\"line-height: 33.6px; font-size: 24px;\">Macbook Pro 19</span></strong></span></p>",
                    "_meta": {
                      "htmlID": "u_content_text_9",
                      "htmlClassNames": "u_content_text"
                    },
                    "color": "#34495e",
                    "deletable": true,
                    "draggable": true,
                    "linkStyle": {
                      "inherit": true,
                      "linkColor": "#0000ee",
                      "linkUnderline": true,
                      "linkHoverColor": "#0000ee",
                      "linkHoverUnderline": true
                    },
                    "textAlign": "center",
                    "hideMobile": false,
                    "lineHeight": "140%",
                    "selectable": true,
                    "hideDesktop": false,
                    "duplicatable": true,
                    "containerPadding": "0px 10px"
                  }
                },
                {
                  "type": "text",
                  "values": {
                    "text": "<p style=\"font-size: 14px; line-height: 140%;\"><span style=\"text-decoration: line-through; font-size: 14px; line-height: 19.6px; color: #80888d;\"><strong><span style=\"font-size: 14px; line-height: 19.6px;\">1299$</span></strong></span><span style=\"font-size: 14px; line-height: 19.6px;\"><strong><span style=\"font-size: 14px; line-height: 19.6px;\"><span style=\"color: #80888d; font-size: 14px; line-height: 19.6px;\">&nbsp;</span> <span style=\"font-size: 18px; line-height: 25.2px;\">900$</span></span></strong></span></p>",
                    "_meta": {
                      "htmlID": "u_content_text_8",
                      "htmlClassNames": "u_content_text"
                    },
                    "color": "#34495e",
                    "deletable": true,
                    "draggable": true,
                    "linkStyle": {
                      "inherit": true,
                      "linkColor": "#0000ee",
                      "linkUnderline": true,
                      "linkHoverColor": "#0000ee",
                      "linkHoverUnderline": true
                    },
                    "textAlign": "center",
                    "hideMobile": false,
                    "lineHeight": "140%",
                    "selectable": true,
                    "hideDesktop": false,
                    "duplicatable": true,
                    "containerPadding": "10px"
                  }
                },
                {
                  "type": "button",
                  "values": {
                    "href": {
                      "name": "web",
                      "values": {
                        "href": "",
                        "target": "_blank"
                      }
                    },
                    "size": {
                      "width": "100%",
                      "autoWidth": true
                    },
                    "text": "<strong><span style=\"font-size: 14px; line-height: 16.8px;\">SHOP NOW</span></strong>",
                    "_meta": {
                      "htmlID": "u_content_button_1",
                      "htmlClassNames": "u_content_button"
                    },
                    "border": {},
                    "padding": "13px 25px",
                    "deletable": true,
                    "draggable": true,
                    "textAlign": "center",
                    "hideMobile": false,
                    "lineHeight": "120%",
                    "selectable": true,
                    "hideDesktop": false,
                    "borderRadius": "0px",
                    "buttonColors": {
                      "color": "#FFFFFF",
                      "hoverColor": "#FFFFFF",
                      "backgroundColor": "#236fa1",
                      "hoverBackgroundColor": "#3AAEE0"
                    },
                    "duplicatable": true,
                    "calculatedWidth": 135,
                    "calculatedHeight": 42,
                    "containerPadding": "12px"
                  }
                }
              ]
            }
          ]
        },
        {
          "cells": [
            1
          ],
          "values": {
            "_meta": {
              "htmlID": "u_row_12",
              "htmlClassNames": "u_row"
            },
            "columns": false,
            "padding": "0px",
            "deletable": true,
            "draggable": true,
            "hideMobile": false,
            "selectable": true,
            "hideDesktop": false,
            "duplicatable": true,
            "noStackMobile": false,
            "backgroundColor": "",
            "backgroundImage": {
              "url": "",
              "cover": false,
              "center": true,
              "repeat": false,
              "fullWidth": true
            },
            "displayCondition": null,
            "columnsBackgroundColor": "#ffffff"
          },
          "columns": [
            {
              "values": {
                "_meta": {
                  "htmlID": "u_column_20",
                  "htmlClassNames": "u_column"
                },
                "border": {},
                "padding": "0px",
                "backgroundColor": ""
              },
              "contents": [
                {
                  "type": "divider",
                  "values": {
                    "_meta": {
                      "htmlID": "u_content_divider_7",
                      "htmlClassNames": "u_content_divider"
                    },
                    "width": "100%",
                    "border": {
                      "borderTopColor": "#ffffff",
                      "borderTopStyle": "solid",
                      "borderTopWidth": "1px"
                    },
                    "deletable": true,
                    "draggable": true,
                    "textAlign": "center",
                    "hideMobile": false,
                    "selectable": true,
                    "hideDesktop": false,
                    "duplicatable": true,
                    "containerPadding": "9px"
                  }
                }
              ]
            }
          ]
        },
        {
          "cells": [
            1,
            1
          ],
          "values": {
            "_meta": {
              "htmlID": "u_row_9",
              "htmlClassNames": "u_row"
            },
            "columns": false,
            "padding": "0px",
            "deletable": true,
            "draggable": true,
            "hideMobile": false,
            "selectable": true,
            "hideDesktop": false,
            "duplicatable": true,
            "noStackMobile": false,
            "backgroundColor": "",
            "backgroundImage": {
              "url": "",
              "cover": false,
              "center": true,
              "repeat": false,
              "fullWidth": true
            },
            "displayCondition": null,
            "columnsBackgroundColor": "#ffffff"
          },
          "columns": [
            {
              "values": {
                "_meta": {
                  "htmlID": "u_column_16",
                  "htmlClassNames": "u_column"
                },
                "border": {},
                "padding": "0px",
                "backgroundColor": ""
              },
              "contents": [
                {
                  "type": "image",
                  "values": {
                    "src": {
                      "url": "https://cdn.templates.unlayer.com/assets/1596354382964-H11Orange_1.jpg",
                      "width": 1200,
                      "height": 1200,
                      "maxWidth": "77%",
                      "autoWidth": false
                    },
                    "_meta": {
                      "htmlID": "u_content_image_4",
                      "htmlClassNames": "u_content_image"
                    },
                    "action": {
                      "name": "web",
                      "values": {
                        "href": "",
                        "target": "_blank"
                      }
                    },
                    "altText": "Image",
                    "deletable": true,
                    "draggable": true,
                    "textAlign": "center",
                    "hideMobile": false,
                    "selectable": true,
                    "hideDesktop": false,
                    "duplicatable": true,
                    "containerPadding": "10px"
                  }
                },
                {
                  "type": "text",
                  "values": {
                    "text": "<p style=\"font-size: 14px; line-height: 140%;\"><strong><span style=\"font-size: 14px; line-height: 19.6px;\">HEADPHONES</span></strong></p>",
                    "_meta": {
                      "htmlID": "u_content_text_14",
                      "htmlClassNames": "u_content_text"
                    },
                    "color": "#236fa1",
                    "deletable": true,
                    "draggable": true,
                    "linkStyle": {
                      "inherit": true,
                      "linkColor": "#0000ee",
                      "linkUnderline": true,
                      "linkHoverColor": "#0000ee",
                      "linkHoverUnderline": true
                    },
                    "textAlign": "center",
                    "hideMobile": false,
                    "lineHeight": "140%",
                    "selectable": true,
                    "hideDesktop": false,
                    "duplicatable": true,
                    "containerPadding": "10px"
                  }
                },
                {
                  "type": "text",
                  "values": {
                    "text": "<p style=\"font-size: 14px; line-height: 140%;\"><span style=\"font-size: 24px; line-height: 33.6px;\"><strong><span style=\"line-height: 33.6px; font-size: 24px;\">CB RED V33</span></strong></span></p>",
                    "_meta": {
                      "htmlID": "u_content_text_15",
                      "htmlClassNames": "u_content_text"
                    },
                    "color": "#34495e",
                    "deletable": true,
                    "draggable": true,
                    "linkStyle": {
                      "inherit": true,
                      "linkColor": "#0000ee",
                      "linkUnderline": true,
                      "linkHoverColor": "#0000ee",
                      "linkHoverUnderline": true
                    },
                    "textAlign": "center",
                    "hideMobile": false,
                    "lineHeight": "140%",
                    "selectable": true,
                    "hideDesktop": false,
                    "duplicatable": true,
                    "containerPadding": "0px 10px"
                  }
                },
                {
                  "type": "text",
                  "values": {
                    "text": "<p style=\"font-size: 14px; line-height: 140%;\"><span style=\"text-decoration: line-through; font-size: 14px; line-height: 19.6px; color: #80888d;\"><strong><span style=\"font-size: 14px; line-height: 19.6px;\">299$</span></strong></span><span style=\"font-size: 14px; line-height: 19.6px;\"><strong><span style=\"font-size: 14px; line-height: 19.6px;\"><span style=\"color: #80888d; font-size: 14px; line-height: 19.6px;\">&nbsp;</span> <span style=\"font-size: 18px; line-height: 25.2px;\">200$</span></span></strong></span></p>",
                    "_meta": {
                      "htmlID": "u_content_text_16",
                      "htmlClassNames": "u_content_text"
                    },
                    "color": "#34495e",
                    "deletable": true,
                    "draggable": true,
                    "linkStyle": {
                      "inherit": true,
                      "linkColor": "#0000ee",
                      "linkUnderline": true,
                      "linkHoverColor": "#0000ee",
                      "linkHoverUnderline": true
                    },
                    "textAlign": "center",
                    "hideMobile": false,
                    "lineHeight": "140%",
                    "selectable": true,
                    "hideDesktop": false,
                    "duplicatable": true,
                    "containerPadding": "10px"
                  }
                },
                {
                  "type": "button",
                  "values": {
                    "href": {
                      "name": "web",
                      "values": {
                        "href": "",
                        "target": "_blank"
                      }
                    },
                    "size": {
                      "width": "100%",
                      "autoWidth": true
                    },
                    "text": "<strong><span style=\"font-size: 14px; line-height: 16.8px;\">SHOP NOW</span></strong>",
                    "_meta": {
                      "htmlID": "u_content_button_3",
                      "htmlClassNames": "u_content_button"
                    },
                    "border": {},
                    "padding": "13px 25px",
                    "deletable": true,
                    "draggable": true,
                    "textAlign": "center",
                    "hideMobile": false,
                    "lineHeight": "120%",
                    "selectable": true,
                    "hideDesktop": false,
                    "borderRadius": "0px",
                    "buttonColors": {
                      "color": "#FFFFFF",
                      "hoverColor": "#FFFFFF",
                      "backgroundColor": "#236fa1",
                      "hoverBackgroundColor": "#3AAEE0"
                    },
                    "duplicatable": true,
                    "calculatedWidth": 135,
                    "calculatedHeight": 42,
                    "containerPadding": "12px"
                  }
                }
              ]
            },
            {
              "values": {
                "_meta": {
                  "htmlID": "u_column_17",
                  "htmlClassNames": "u_column"
                },
                "border": {},
                "padding": "0px",
                "backgroundColor": ""
              },
              "contents": [
                {
                  "type": "image",
                  "values": {
                    "src": {
                      "url": "https://cdn.templates.unlayer.com/assets/1596354537129-blob",
                      "width": 500,
                      "height": 366,
                      "maxWidth": "91%",
                      "autoWidth": false
                    },
                    "_meta": {
                      "htmlID": "u_content_image_5",
                      "htmlClassNames": "u_content_image"
                    },
                    "action": {
                      "name": "web",
                      "values": {
                        "href": "",
                        "target": "_blank"
                      }
                    },
                    "altText": "Image",
                    "deletable": true,
                    "draggable": true,
                    "textAlign": "center",
                    "hideMobile": false,
                    "selectable": true,
                    "hideDesktop": false,
                    "duplicatable": true,
                    "containerPadding": "10px"
                  }
                },
                {
                  "type": "divider",
                  "values": {
                    "_meta": {
                      "htmlID": "u_content_divider_5",
                      "htmlClassNames": "u_content_divider"
                    },
                    "width": "100%",
                    "border": {
                      "borderTopColor": "#ffffff",
                      "borderTopStyle": "solid",
                      "borderTopWidth": "1px"
                    },
                    "_override": {
                      "mobile": {
                        "hideMobile": true
                      }
                    },
                    "deletable": true,
                    "draggable": true,
                    "textAlign": "center",
                    "hideMobile": false,
                    "selectable": true,
                    "hideDesktop": false,
                    "duplicatable": true,
                    "containerPadding": "15px"
                  }
                },
                {
                  "type": "text",
                  "values": {
                    "text": "<p style=\"font-size: 14px; line-height: 140%;\"><strong><span style=\"font-size: 14px; line-height: 19.6px;\">DESKTOP</span></strong></p>",
                    "_meta": {
                      "htmlID": "u_content_text_17",
                      "htmlClassNames": "u_content_text"
                    },
                    "color": "#236fa1",
                    "deletable": true,
                    "draggable": true,
                    "linkStyle": {
                      "inherit": true,
                      "linkColor": "#0000ee",
                      "linkUnderline": true,
                      "linkHoverColor": "#0000ee",
                      "linkHoverUnderline": true
                    },
                    "textAlign": "center",
                    "hideMobile": false,
                    "lineHeight": "140%",
                    "selectable": true,
                    "hideDesktop": false,
                    "duplicatable": true,
                    "containerPadding": "10px"
                  }
                },
                {
                  "type": "text",
                  "values": {
                    "text": "<p style=\"font-size: 14px; line-height: 140%;\"><span style=\"font-size: 24px; line-height: 33.6px;\"><strong><span style=\"line-height: 33.6px; font-size: 24px;\">HP Business 6G</span></strong></span></p>",
                    "_meta": {
                      "htmlID": "u_content_text_18",
                      "htmlClassNames": "u_content_text"
                    },
                    "color": "#34495e",
                    "deletable": true,
                    "draggable": true,
                    "linkStyle": {
                      "inherit": true,
                      "linkColor": "#0000ee",
                      "linkUnderline": true,
                      "linkHoverColor": "#0000ee",
                      "linkHoverUnderline": true
                    },
                    "textAlign": "center",
                    "hideMobile": false,
                    "lineHeight": "140%",
                    "selectable": true,
                    "hideDesktop": false,
                    "duplicatable": true,
                    "containerPadding": "0px 10px"
                  }
                },
                {
                  "type": "text",
                  "values": {
                    "text": "<p style=\"font-size: 14px; line-height: 140%;\"><span style=\"text-decoration: line-through; font-size: 14px; line-height: 19.6px; color: #80888d;\"><strong><span style=\"font-size: 14px; line-height: 19.6px;\">899$</span></strong></span><span style=\"font-size: 14px; line-height: 19.6px;\"><strong><span style=\"font-size: 14px; line-height: 19.6px;\"><span style=\"color: #80888d; font-size: 14px; line-height: 19.6px;\">&nbsp;</span> <span style=\"font-size: 18px; line-height: 25.2px;\">600$</span></span></strong></span></p>",
                    "_meta": {
                      "htmlID": "u_content_text_19",
                      "htmlClassNames": "u_content_text"
                    },
                    "color": "#34495e",
                    "deletable": true,
                    "draggable": true,
                    "linkStyle": {
                      "inherit": true,
                      "linkColor": "#0000ee",
                      "linkUnderline": true,
                      "linkHoverColor": "#0000ee",
                      "linkHoverUnderline": true
                    },
                    "textAlign": "center",
                    "hideMobile": false,
                    "lineHeight": "140%",
                    "selectable": true,
                    "hideDesktop": false,
                    "duplicatable": true,
                    "containerPadding": "10px"
                  }
                },
                {
                  "type": "button",
                  "values": {
                    "href": {
                      "name": "web",
                      "values": {
                        "href": "",
                        "target": "_blank"
                      }
                    },
                    "size": {
                      "width": "100%",
                      "autoWidth": true
                    },
                    "text": "<strong><span style=\"font-size: 14px; line-height: 16.8px;\">SHOP NOW</span></strong>",
                    "_meta": {
                      "htmlID": "u_content_button_6",
                      "htmlClassNames": "u_content_button"
                    },
                    "border": {},
                    "padding": "13px 25px",
                    "deletable": true,
                    "draggable": true,
                    "textAlign": "center",
                    "hideMobile": false,
                    "lineHeight": "120%",
                    "selectable": true,
                    "hideDesktop": false,
                    "borderRadius": "0px",
                    "buttonColors": {
                      "color": "#FFFFFF",
                      "hoverColor": "#FFFFFF",
                      "backgroundColor": "#236fa1",
                      "hoverBackgroundColor": "#3AAEE0"
                    },
                    "duplicatable": true,
                    "calculatedWidth": 135,
                    "calculatedHeight": 42,
                    "containerPadding": "12px"
                  }
                }
              ]
            }
          ]
        },
        {
          "cells": [
            1
          ],
          "values": {
            "_meta": {
              "htmlID": "u_row_10",
              "htmlClassNames": "u_row"
            },
            "columns": false,
            "padding": "0px",
            "deletable": true,
            "draggable": true,
            "hideMobile": false,
            "selectable": true,
            "hideDesktop": false,
            "duplicatable": true,
            "noStackMobile": false,
            "backgroundColor": "",
            "backgroundImage": {
              "url": "",
              "cover": false,
              "center": true,
              "repeat": false,
              "fullWidth": true
            },
            "displayCondition": null,
            "columnsBackgroundColor": "#ffffff"
          },
          "columns": [
            {
              "values": {
                "_meta": {
                  "htmlID": "u_column_18",
                  "htmlClassNames": "u_column"
                },
                "border": {},
                "padding": "0px",
                "backgroundColor": ""
              },
              "contents": [
                {
                  "type": "divider",
                  "values": {
                    "_meta": {
                      "htmlID": "u_content_divider_6",
                      "htmlClassNames": "u_content_divider"
                    },
                    "width": "100%",
                    "border": {
                      "borderTopColor": "#ffffff",
                      "borderTopStyle": "solid",
                      "borderTopWidth": "1px"
                    },
                    "deletable": true,
                    "draggable": true,
                    "textAlign": "center",
                    "hideMobile": false,
                    "selectable": true,
                    "hideDesktop": false,
                    "duplicatable": true,
                    "containerPadding": "16px"
                  }
                }
              ]
            }
          ]
        },
        {
          "cells": [
            1
          ],
          "values": {
            "_meta": {
              "htmlID": "u_row_11",
              "htmlClassNames": "u_row"
            },
            "columns": false,
            "padding": "0px",
            "deletable": true,
            "draggable": true,
            "hideMobile": false,
            "selectable": true,
            "hideDesktop": false,
            "duplicatable": true,
            "noStackMobile": false,
            "backgroundColor": "",
            "backgroundImage": {
              "url": "",
              "cover": false,
              "center": true,
              "repeat": false,
              "fullWidth": true
            },
            "displayCondition": null,
            "columnsBackgroundColor": "#236fa1"
          },
          "columns": [
            {
              "values": {
                "_meta": {
                  "htmlID": "u_column_19",
                  "htmlClassNames": "u_column"
                },
                "border": {},
                "padding": "0px",
                "backgroundColor": ""
              },
              "contents": [
                {
                  "type": "text",
                  "values": {
                    "text": "<p style=\"font-size: 14px; line-height: 140%;\"><span style=\"font-size: 14px; line-height: 19.6px;\">ONLY FOR NOW</span></p>",
                    "_meta": {
                      "htmlID": "u_content_text_22",
                      "htmlClassNames": "u_content_text"
                    },
                    "color": "#ffffff",
                    "deletable": true,
                    "draggable": true,
                    "linkStyle": {
                      "inherit": true,
                      "linkColor": "#0000ee",
                      "linkUnderline": true,
                      "linkHoverColor": "#0000ee",
                      "linkHoverUnderline": true
                    },
                    "textAlign": "center",
                    "hideMobile": false,
                    "lineHeight": "140%",
                    "selectable": true,
                    "hideDesktop": false,
                    "duplicatable": true,
                    "containerPadding": "32px 10px 0px"
                  }
                },
                {
                  "type": "text",
                  "values": {
                    "text": "<p style=\"font-size: 14px; line-height: 180%;\"><span style=\"font-size: 18px; line-height: 32.4px;\"><strong><span style=\"line-height: 32.4px; font-size: 18px;\">Apply the promocode below </span></strong></span></p>\n<p style=\"font-size: 14px; line-height: 180%;\"><span style=\"font-size: 18px; line-height: 32.4px;\"><strong><span style=\"line-height: 32.4px; font-size: 18px;\">and get 40% off on selected items</span></strong></span></p>",
                    "_meta": {
                      "htmlID": "u_content_text_21",
                      "htmlClassNames": "u_content_text"
                    },
                    "color": "#ffffff",
                    "deletable": true,
                    "draggable": true,
                    "linkStyle": {
                      "inherit": true,
                      "linkColor": "#0000ee",
                      "linkUnderline": true,
                      "linkHoverColor": "#0000ee",
                      "linkHoverUnderline": true
                    },
                    "textAlign": "center",
                    "hideMobile": false,
                    "lineHeight": "180%",
                    "selectable": true,
                    "hideDesktop": false,
                    "duplicatable": true,
                    "containerPadding": "10px"
                  }
                },
                {
                  "type": "button",
                  "values": {
                    "href": {
                      "name": "web",
                      "values": {
                        "href": "",
                        "target": "_blank"
                      }
                    },
                    "size": {
                      "width": "100%",
                      "autoWidth": false
                    },
                    "text": "<span style=\"font-size: 20px; line-height: 24px;\"><strong><span style=\"line-height: 24px; font-size: 20px;\">40OFFMONDAY</span></strong></span>",
                    "_meta": {
                      "htmlID": "u_content_button_5",
                      "htmlClassNames": "u_content_button"
                    },
                    "border": {
                      "borderTopColor": "#ffffff",
                      "borderTopStyle": "dashed",
                      "borderTopWidth": "2px",
                      "borderLeftColor": "#ffffff",
                      "borderLeftStyle": "dashed",
                      "borderLeftWidth": "2px",
                      "borderRightColor": "#ffffff",
                      "borderRightStyle": "dashed",
                      "borderRightWidth": "2px",
                      "borderBottomColor": "#ffffff",
                      "borderBottomStyle": "dashed",
                      "borderBottomWidth": "2px"
                    },
                    "padding": "10px 20px",
                    "deletable": true,
                    "draggable": true,
                    "textAlign": "center",
                    "hideMobile": false,
                    "lineHeight": "120%",
                    "selectable": true,
                    "hideDesktop": false,
                    "borderRadius": "4px",
                    "buttonColors": {
                      "color": "#FFFFFF",
                      "hoverColor": "#FFFFFF",
                      "backgroundColor": "#236fa1",
                      "hoverBackgroundColor": "#3AAEE0"
                    },
                    "duplicatable": true,
                    "calculatedWidth": 566,
                    "calculatedHeight": 44,
                    "containerPadding": "10px 40px"
                  }
                },
                {
                  "type": "text",
                  "values": {
                    "text": "<p style=\"font-size: 14px; line-height: 140%;\"><em><span style=\"font-size: 14px; line-height: 19.6px;\">Offer is valid for a limited time between dates</span></em></p>",
                    "_meta": {
                      "htmlID": "u_content_text_20",
                      "htmlClassNames": "u_content_text"
                    },
                    "color": "#ffffff",
                    "deletable": true,
                    "draggable": true,
                    "linkStyle": {
                      "inherit": true,
                      "linkColor": "#0000ee",
                      "linkUnderline": true,
                      "linkHoverColor": "#0000ee",
                      "linkHoverUnderline": true
                    },
                    "textAlign": "center",
                    "hideMobile": false,
                    "lineHeight": "140%",
                    "selectable": true,
                    "hideDesktop": false,
                    "duplicatable": true,
                    "containerPadding": "15px 10px 20px"
                  }
                },
                {
                  "type": "button",
                  "values": {
                    "href": {
                      "name": "web",
                      "values": {
                        "href": "",
                        "target": "_blank"
                      }
                    },
                    "size": {
                      "width": "100%",
                      "autoWidth": true
                    },
                    "text": "<strong><span style=\"font-size: 14px; line-height: 16.8px;\">SHOP NOW</span></strong>",
                    "_meta": {
                      "htmlID": "u_content_button_4",
                      "htmlClassNames": "u_content_button"
                    },
                    "border": {},
                    "padding": "13px 25px",
                    "deletable": true,
                    "draggable": true,
                    "textAlign": "center",
                    "hideMobile": false,
                    "lineHeight": "120%",
                    "selectable": true,
                    "hideDesktop": false,
                    "borderRadius": "0px",
                    "buttonColors": {
                      "color": "#FFFFFF",
                      "hoverColor": "#FFFFFF",
                      "backgroundColor": "#57a3ca",
                      "hoverBackgroundColor": "#3AAEE0"
                    },
                    "duplicatable": true,
                    "calculatedWidth": 136,
                    "calculatedHeight": 42,
                    "containerPadding": "12px 12px 39px"
                  }
                }
              ]
            }
          ]
        },
        {
          "cells": [
            1
          ],
          "values": {
            "_meta": {
              "htmlID": "u_row_13",
              "htmlClassNames": "u_row"
            },
            "columns": false,
            "padding": "0px",
            "deletable": true,
            "draggable": true,
            "hideMobile": false,
            "selectable": true,
            "hideDesktop": false,
            "duplicatable": true,
            "noStackMobile": false,
            "backgroundColor": "",
            "backgroundImage": {
              "url": "",
              "cover": false,
              "center": true,
              "repeat": false,
              "fullWidth": true
            },
            "displayCondition": null,
            "columnsBackgroundColor": "#e5e6ea"
          },
          "columns": [
            {
              "values": {
                "_meta": {
                  "htmlID": "u_column_21",
                  "htmlClassNames": "u_column"
                },
                "border": {},
                "padding": "0px",
                "backgroundColor": ""
              },
              "contents": [
                {
                  "type": "social",
                  "values": {
                    "_meta": {
                      "htmlID": "u_content_social_1",
                      "htmlClassNames": "u_content_social"
                    },
                    "align": "center",
                    "icons": {
                      "icons": [
                        {
                          "url": " ",
                          "name": "Facebook"
                        },
                        {
                          "url": " ",
                          "name": "Twitter"
                        },
                        {
                          "url": " ",
                          "name": "LinkedIn"
                        },
                        {
                          "url": " ",
                          "name": "Instagram"
                        },
                        {
                          "url": " ",
                          "name": "YouTube"
                        }
                      ],
                      "iconType": "circle-black"
                    },
                    "spacing": 23,
                    "deletable": true,
                    "draggable": true,
                    "hideMobile": false,
                    "selectable": true,
                    "hideDesktop": false,
                    "duplicatable": true,
                    "containerPadding": "44px 4px 4px"
                  }
                },
                {
                  "type": "text",
                  "values": {
                    "text": "<p style=\"font-size: 14px; line-height: 140%;\"><span style=\"font-size: 12px; line-height: 16.8px;\">Home&nbsp; /&nbsp; Shop&nbsp; /&nbsp; Products&nbsp; /&nbsp; Privacy&nbsp; /&nbsp; Contact&nbsp; /&nbsp; Return</span></p>\n<p style=\"font-size: 14px; line-height: 140%;\">&nbsp;</p>\n<p style=\"font-size: 14px; line-height: 140%;\"><span style=\"font-size: 12px; line-height: 16.8px;\">orem ipsum dolor sit amet, consectetuer adipiscing elit, sed diam nonummy nibh euismod tincidunt ut laoreet dolore magna aliquam erat volutpat. Ut wisi enim ad minim veniam, quis nostrud exerci tation ullamcorper suscipit lobo<br />&nbsp;</span></p>",
                    "_meta": {
                      "htmlID": "u_content_text_24",
                      "htmlClassNames": "u_content_text"
                    },
                    "color": "#666666",
                    "deletable": true,
                    "draggable": true,
                    "linkStyle": {
                      "inherit": true,
                      "linkColor": "#0000ee",
                      "linkUnderline": true,
                      "linkHoverColor": "#0000ee",
                      "linkHoverUnderline": true
                    },
                    "textAlign": "center",
                    "hideMobile": false,
                    "lineHeight": "140%",
                    "selectable": true,
                    "hideDesktop": false,
                    "duplicatable": true,
                    "containerPadding": "10px 40px 0px"
                  }
                },
                {
                  "type": "text",
                  "values": {
                    "text": "<p style=\"font-size: 14px; line-height: 140%;\"><strong><span style=\"font-size: 12px; line-height: 16.8px;\">&copy; Electronics&nbsp; |&nbsp; All Rights Reserved </span></strong></p>",
                    "_meta": {
                      "htmlID": "u_content_text_25",
                      "htmlClassNames": "u_content_text"
                    },
                    "color": "#414b41",
                    "deletable": true,
                    "draggable": true,
                    "linkStyle": {
                      "inherit": true,
                      "linkColor": "#0000ee",
                      "linkUnderline": true,
                      "linkHoverColor": "#0000ee",
                      "linkHoverUnderline": true
                    },
                    "textAlign": "center",
                    "hideMobile": false,
                    "lineHeight": "140%",
                    "selectable": true,
                    "hideDesktop": false,
                    "duplicatable": true,
                    "containerPadding": "10px 40px"
                  }
                },
                {
                  "type": "divider",
                  "values": {
                    "_meta": {
                      "htmlID": "u_content_divider_8",
                      "htmlClassNames": "u_content_divider"
                    },
                    "width": "100%",
                    "border": {
                      "borderTopColor": "#f8f8f8",
                      "borderTopStyle": "solid",
                      "borderTopWidth": "1px"
                    },
                    "deletable": true,
                    "draggable": true,
                    "textAlign": "center",
                    "hideMobile": false,
                    "selectable": true,
                    "hideDesktop": false,
                    "duplicatable": true,
                    "containerPadding": "10px"
                  }
                }
              ]
            }
          ]
        }
      ],
      "values": {
        "_meta": {
          "htmlID": "u_body",
          "htmlClassNames": "u_body"
        },
        "linkStyle": {
          "body": true,
          "inherit": false,
          "linkColor": "#0e0e27",
          "linkUnderline": false,
          "linkHoverColor": "#0000ee",
          "linkHoverUnderline": true
        },
        "fontFamily": {
          "url": "https://fonts.googleapis.com/css?family=Montserrat:400,700",
          "label": "Montserrat",
          "value": "'Montserrat',sans-serif",
          "defaultFont": true
        },
        "contentWidth": "650px",
        "backgroundColor": "#f9f9f9",
        "backgroundImage": {
          "url": "",
          "cover": false,
          "center": true,
          "repeat": false,
          "fullWidth": true
        }
      }
    },
    "counters": {
      "u_row": 13,
      "u_column": 21,
      "u_content_text": 25,
      "u_content_image": 5,
      "u_content_button": 6,
      "u_content_social": 1,
      "u_content_divider": 8
    },
    "schemaVersion": 5
}