{
    "counters": {
        "u_column": 8,
        "u_row": 8,
        "u_content_image": 4,
        "u_content_divider": 4,
        "u_content_text": 7,
        "u_content_button": 1
    },
    "body": {
        "rows": [
            {
                "cells": [
                    1
                ],
                "columns": [
                    {
                        "contents": [
                            {
                                "type": "image",
                                "values": {
                                    "containerPadding": "10px",
                                    "src": {
                                        "url": "https://sdemailmarketing.com/images/common/templates/messages/285/1/img/01.png",
                                        "width": 529,
                                        "height": 233
                                    },
                                    "textAlign": "center",
                                    "altText": "Image",
                                    "action": {
                                        "name": "web",
                                        "values": {
                                            "href": "",
                                            "target": "_blank"
                                        }
                                    },
                                    "_meta": {
                                        "htmlID": "u_content_image_1",
                                        "htmlClassNames": "u_content_image"
                                    },
                                    "selectable": true,
                                    "draggable": true,
                                    "duplicatable": true,
                                    "deletable": true,
                                    "hideable": true
                                }
                            },
                            {
                                "type": "divider",
                                "values": {
                                    "width": "100%",
                                    "border": {
                                        "borderTopWidth": "2px",
                                        "borderTopStyle": "dashed",
                                        "borderTopColor": "#000000"
                                    },
                                    "textAlign": "center",
                                    "containerPadding": "25px 10px",
                                    "_meta": {
                                        "htmlID": "u_content_divider_1",
                                        "htmlClassNames": "u_content_divider"
                                    },
                                    "selectable": true,
                                    "draggable": true,
                                    "duplicatable": true,
                                    "deletable": true,
                                    "hideable": true
                                }
                            }
                        ],
                        "values": {
                            "backgroundColor": "#ffffff",
                            "padding": "0px",
                            "border": {},
                            "_meta": {
                                "htmlID": "u_column_1",
                                "htmlClassNames": "u_column"
                            }
                        }
                    }
                ],
                "values": {
                    "displayCondition": null,
                    "columns": false,
                    "backgroundColor": "#ffffff",
                    "columnsBackgroundColor": "",
                    "backgroundImage": {
                        "url": "",
                        "fullWidth": true,
                        "repeat": false,
                        "center": true,
                        "cover": false
                    },
                    "padding": "0px",
                    "hideDesktop": false,
                    "_meta": {
                        "htmlID": "u_row_1",
                        "htmlClassNames": "u_row"
                    },
                    "selectable": true,
                    "draggable": true,
                    "duplicatable": true,
                    "deletable": true,
                    "hideable": true
                }
            },
            {
                "cells": [
                    1
                ],
                "columns": [
                    {
                        "contents": [
                            {
                                "type": "text",
                                "values": {
                                    "containerPadding": "10px",
                                    "textAlign": "left",
                                    "lineHeight": "140%",
                                    "linkStyle": {
                                        "inherit": true,
                                        "linkColor": "#0000ee",
                                        "linkHoverColor": "#0000ee",
                                        "linkUnderline": true,
                                        "linkHoverUnderline": true
                                    },
                                    "_meta": {
                                        "htmlID": "u_content_text_1",
                                        "htmlClassNames": "u_content_text"
                                    },
                                    "selectable": true,
                                    "draggable": true,
                                    "duplicatable": true,
                                    "deletable": true,
                                    "hideable": true,
                                    "text": "<p style=\"font-size: 14px; line-height: 140%;\"><strong><span style=\"font-size: 24px; line-height: 33.6px;\">Your style is unique - we know it and we celebrate it.</span></strong></p>"
                                }
                            }
                        ],
                        "values": {
                            "backgroundColor": "#ffffff",
                            "padding": "0px",
                            "border": {},
                            "_meta": {
                                "htmlID": "u_column_2",
                                "htmlClassNames": "u_column"
                            }
                        }
                    }
                ],
                "values": {
                    "displayCondition": null,
                    "columns": false,
                    "backgroundColor": "#ffffff",
                    "columnsBackgroundColor": "",
                    "backgroundImage": {
                        "url": "",
                        "fullWidth": true,
                        "repeat": false,
                        "center": true,
                        "cover": false
                    },
                    "padding": "0px",
                    "hideDesktop": false,
                    "_meta": {
                        "htmlID": "u_row_2",
                        "htmlClassNames": "u_row"
                    },
                    "selectable": true,
                    "draggable": true,
                    "duplicatable": true,
                    "deletable": true,
                    "hideable": true
                }
            },
            {
                "cells": [
                    1
                ],
                "columns": [
                    {
                        "contents": [
                            {
                                "type": "text",
                                "values": {
                                    "containerPadding": "10px 5px",
                                    "textAlign": "left",
                                    "lineHeight": "140%",
                                    "linkStyle": {
                                        "inherit": true,
                                        "linkColor": "#0000ee",
                                        "linkHoverColor": "#0000ee",
                                        "linkUnderline": true,
                                        "linkHoverUnderline": true
                                    },
                                    "_meta": {
                                        "htmlID": "u_content_text_2",
                                        "htmlClassNames": "u_content_text"
                                    },
                                    "selectable": true,
                                    "draggable": true,
                                    "duplicatable": true,
                                    "deletable": true,
                                    "hideable": true,
                                    "text": "<p style=\"font-size: 14px; line-height: 140%;\"><span style=\"font-size: 16px; line-height: 22.4px;\">For Cyber Monday, we take our celebration even further - we want you to grab yourself a new set of beautiful looking garment, embrace yourself and shine. Pamper yourself and save 25% on jaw dropping styles to complete your wardrobe! <a href=\"https://google.com\" target=\"_blank\" rel=\"noopener\" data-u-link-value=\"eyJuYW1lIjoid2ViIiwiYXR0cnMiOnsiaHJlZiI6Int7aHJlZn19IiwidGFyZ2V0Ijoie3t0YXJnZXR9fSJ9LCJ2YWx1ZXMiOnsiaHJlZiI6Imh0dHBzOi8vZ29vZ2xlLmNvbSIsInRhcmdldCI6Il9ibGFuayJ9fQ==\">Dig in!</a></span></p>"
                                }
                            }
                        ],
                        "values": {
                            "backgroundColor": "#ffffff",
                            "padding": "0px",
                            "border": {},
                            "_meta": {
                                "htmlID": "u_column_3",
                                "htmlClassNames": "u_column"
                            }
                        }
                    }
                ],
                "values": {
                    "displayCondition": null,
                    "columns": false,
                    "backgroundColor": "#ffffff",
                    "columnsBackgroundColor": "",
                    "backgroundImage": {
                        "url": "",
                        "fullWidth": true,
                        "repeat": false,
                        "center": true,
                        "cover": false
                    },
                    "padding": "0px",
                    "hideDesktop": false,
                    "_meta": {
                        "htmlID": "u_row_3",
                        "htmlClassNames": "u_row"
                    },
                    "selectable": true,
                    "draggable": true,
                    "duplicatable": true,
                    "deletable": true,
                    "hideable": true
                }
            },
            {
                "cells": [
                    1
                ],
                "columns": [
                    {
                        "contents": [
                            {
                                "type": "text",
                                "values": {
                                    "containerPadding": "15px 0px",
                                    "textAlign": "left",
                                    "lineHeight": "140%",
                                    "linkStyle": {
                                        "inherit": true,
                                        "linkColor": "#0000ee",
                                        "linkHoverColor": "#0000ee",
                                        "linkUnderline": true,
                                        "linkHoverUnderline": true
                                    },
                                    "_meta": {
                                        "htmlID": "u_content_text_3",
                                        "htmlClassNames": "u_content_text"
                                    },
                                    "selectable": true,
                                    "draggable": true,
                                    "duplicatable": true,
                                    "deletable": true,
                                    "hideable": true,
                                    "text": "<p style=\"font-size: 14px; line-height: 140%; text-align: center;\"><strong><span style=\"color: #f02d00; font-size: 32px; line-height: 44.8px;\">Your special 25% OFF coupon.</span></strong></p>\n<p style=\"font-size: 14px; line-height: 140%; text-align: center;\">The coupon is valid between Nov 25th and Dec 2nd. The promotion does not refer to on-sale items.</p>"
                                }
                            }
                        ],
                        "values": {
                            "backgroundColor": "#f1f1f1",
                            "padding": "0px",
                            "border": {
                                "borderTopWidth": "8px",
                                "borderTopStyle": "dashed",
                                "borderTopColor": "#000000",
                                "borderLeftWidth": "8px",
                                "borderLeftStyle": "dashed",
                                "borderLeftColor": "#000000",
                                "borderRightWidth": "8px",
                                "borderRightStyle": "dashed",
                                "borderRightColor": "#000000",
                                "borderBottomWidth": "8px",
                                "borderBottomStyle": "dashed",
                                "borderBottomColor": "#000000"
                            },
                            "_meta": {
                                "htmlID": "u_column_4",
                                "htmlClassNames": "u_column"
                            }
                        }
                    }
                ],
                "values": {
                    "displayCondition": null,
                    "columns": false,
                    "backgroundColor": "#ffffff",
                    "columnsBackgroundColor": "",
                    "backgroundImage": {
                        "url": "",
                        "fullWidth": true,
                        "repeat": false,
                        "center": true,
                        "cover": false
                    },
                    "padding": "20px 0px",
                    "hideDesktop": false,
                    "_meta": {
                        "htmlID": "u_row_4",
                        "htmlClassNames": "u_row"
                    },
                    "selectable": true,
                    "draggable": true,
                    "duplicatable": true,
                    "deletable": true,
                    "hideable": true
                }
            },
            {
                "cells": [
                    1
                ],
                "columns": [
                    {
                        "contents": [
                            {
                                "type": "text",
                                "values": {
                                    "containerPadding": "10px 0px",
                                    "textAlign": "left",
                                    "lineHeight": "140%",
                                    "linkStyle": {
                                        "inherit": true,
                                        "linkColor": "#0000ee",
                                        "linkHoverColor": "#0000ee",
                                        "linkUnderline": true,
                                        "linkHoverUnderline": true
                                    },
                                    "_meta": {
                                        "htmlID": "u_content_text_4",
                                        "htmlClassNames": "u_content_text"
                                    },
                                    "selectable": true,
                                    "draggable": true,
                                    "duplicatable": true,
                                    "deletable": true,
                                    "hideable": true,
                                    "text": "<p style=\"font-size: 14px; line-height: 140%;\"><span style=\"font-size: 16px; line-height: 22.4px; color: #2f2f2f;\"><strong>Check out the new collections and evergreen classics.</strong></span> <span style=\"font-size: 16px; line-height: 22.4px;\">We believe all women deserve a beautiful frame for their unique beauty, that's why we offer a full range of sizes for every item available (excluding accessories or no-size items).</span></p>"
                                }
                            }
                        ],
                        "values": {
                            "backgroundColor": "#ffffff",
                            "padding": "0px",
                            "border": {},
                            "_meta": {
                                "htmlID": "u_column_5",
                                "htmlClassNames": "u_column"
                            }
                        }
                    }
                ],
                "values": {
                    "displayCondition": null,
                    "columns": false,
                    "backgroundColor": "#ffffff",
                    "columnsBackgroundColor": "",
                    "backgroundImage": {
                        "url": "",
                        "fullWidth": true,
                        "repeat": false,
                        "center": true,
                        "cover": false
                    },
                    "padding": "0px",
                    "hideDesktop": false,
                    "_meta": {
                        "htmlID": "u_row_5",
                        "htmlClassNames": "u_row"
                    },
                    "selectable": true,
                    "draggable": true,
                    "duplicatable": true,
                    "deletable": true,
                    "hideable": true
                }
            },
            {
                "cells": [
                    1
                ],
                "columns": [
                    {
                        "contents": [
                            {
                                "type": "image",
                                "values": {
                                    "containerPadding": "10px",
                                    "src": {
                                        "url": "https://sdemailmarketing.com/images/common/templates/messages/285/1/img/02.jpg",
                                        "width": 538,
                                        "height": 227
                                    },
                                    "textAlign": "center",
                                    "altText": "Image",
                                    "action": {
                                        "name": "web",
                                        "values": {
                                            "href": "",
                                            "target": "_blank"
                                        }
                                    },
                                    "_meta": {
                                        "htmlID": "u_content_image_3",
                                        "htmlClassNames": "u_content_image"
                                    },
                                    "selectable": true,
                                    "draggable": true,
                                    "duplicatable": true,
                                    "deletable": true,
                                    "hideable": true
                                }
                            },
                            {
                                "type": "divider",
                                "values": {
                                    "width": "100%",
                                    "border": {
                                        "borderTopWidth": "2px",
                                        "borderTopStyle": "dashed",
                                        "borderTopColor": "#000000"
                                    },
                                    "textAlign": "center",
                                    "containerPadding": "25px 10px",
                                    "_meta": {
                                        "htmlID": "u_content_divider_3",
                                        "htmlClassNames": "u_content_divider"
                                    },
                                    "selectable": true,
                                    "draggable": true,
                                    "duplicatable": true,
                                    "deletable": true,
                                    "hideable": true
                                }
                            }
                        ],
                        "values": {
                            "backgroundColor": "#ffffff",
                            "padding": "0px",
                            "border": {},
                            "_meta": {
                                "htmlID": "u_column_6",
                                "htmlClassNames": "u_column"
                            }
                        }
                    }
                ],
                "values": {
                    "displayCondition": null,
                    "columns": false,
                    "backgroundColor": "#ffffff",
                    "columnsBackgroundColor": "",
                    "backgroundImage": {
                        "url": "",
                        "fullWidth": true,
                        "repeat": false,
                        "center": true,
                        "cover": false
                    },
                    "padding": "0px",
                    "hideDesktop": false,
                    "_meta": {
                        "htmlID": "u_row_6",
                        "htmlClassNames": "u_row"
                    },
                    "selectable": true,
                    "draggable": true,
                    "duplicatable": true,
                    "deletable": true,
                    "hideable": true
                }
            },
            {
                "cells": [
                    1
                ],
                "columns": [
                    {
                        "contents": [
                            {
                                "type": "text",
                                "values": {
                                    "containerPadding": "10px",
                                    "textAlign": "left",
                                    "lineHeight": "140%",
                                    "linkStyle": {
                                        "inherit": true,
                                        "linkColor": "#0000ee",
                                        "linkHoverColor": "#0000ee",
                                        "linkUnderline": true,
                                        "linkHoverUnderline": true
                                    },
                                    "_meta": {
                                        "htmlID": "u_content_text_6",
                                        "htmlClassNames": "u_content_text"
                                    },
                                    "selectable": true,
                                    "draggable": true,
                                    "duplicatable": true,
                                    "deletable": true,
                                    "hideable": true,
                                    "text": "<p style=\"font-size: 14px; line-height: 140%; text-align: center;\"><span style=\"font-size: 24px; line-height: 33.6px; color: #2f2f2f;\"><strong>The special offer ends soon, so go and make your Cyber Monday beautiful!</strong></span></p>"
                                }
                            }
                        ],
                        "values": {
                            "backgroundColor": "#ffffff",
                            "padding": "0px",
                            "border": {},
                            "_meta": {
                                "htmlID": "u_column_7",
                                "htmlClassNames": "u_column"
                            }
                        }
                    }
                ],
                "values": {
                    "displayCondition": null,
                    "columns": false,
                    "backgroundColor": "#ffffff",
                    "columnsBackgroundColor": "",
                    "backgroundImage": {
                        "url": "",
                        "fullWidth": true,
                        "repeat": false,
                        "center": true,
                        "cover": false
                    },
                    "padding": "0px",
                    "hideDesktop": false,
                    "_meta": {
                        "htmlID": "u_row_7",
                        "htmlClassNames": "u_row"
                    },
                    "selectable": true,
                    "draggable": true,
                    "duplicatable": true,
                    "deletable": true,
                    "hideable": true
                }
            },
            {
                "cells": [
                    1
                ],
                "columns": [
                    {
                        "contents": [
                            {
                                "type": "button",
                                "values": {
                                    "containerPadding": "30px",
                                    "href": {
                                        "name": "web",
                                        "values": {
                                            "href": "",
                                            "target": "_blank"
                                        }
                                    },
                                    "buttonColors": {
                                        "color": "#FFFFFF",
                                        "backgroundColor": "#f02d00",
                                        "hoverColor": "#FFFFFF",
                                        "hoverBackgroundColor": "#3AAEE0"
                                    },
                                    "size": {
                                        "autoWidth": true,
                                        "width": "100%"
                                    },
                                    "textAlign": "center",
                                    "lineHeight": "120%",
                                    "padding": "15px 35px",
                                    "border": {},
                                    "borderRadius": "40px",
                                    "_meta": {
                                        "htmlID": "u_content_button_1",
                                        "htmlClassNames": "u_content_button"
                                    },
                                    "selectable": true,
                                    "draggable": true,
                                    "duplicatable": true,
                                    "deletable": true,
                                    "hideable": true,
                                    "text": "<strong><span style=\"font-size: 26px; line-height: 31.2px;\">SHOP NOW</span></strong>",
                                    "calculatedWidth": 214,
                                    "calculatedHeight": 61
                                }
                            }
                        ],
                        "values": {
                            "backgroundColor": "#ffffff",
                            "padding": "0px",
                            "border": {},
                            "_meta": {
                                "htmlID": "u_column_8",
                                "htmlClassNames": "u_column"
                            }
                        }
                    }
                ],
                "values": {
                    "displayCondition": null,
                    "columns": false,
                    "backgroundColor": "#ffffff",
                    "columnsBackgroundColor": "",
                    "backgroundImage": {
                        "url": "",
                        "fullWidth": true,
                        "repeat": false,
                        "center": true,
                        "cover": false
                    },
                    "padding": "0px",
                    "hideDesktop": false,
                    "_meta": {
                        "htmlID": "u_row_8",
                        "htmlClassNames": "u_row"
                    },
                    "selectable": true,
                    "draggable": true,
                    "duplicatable": true,
                    "deletable": true,
                    "hideable": true
                }
            }
        ],
        "values": {
            "textColor": "#000000",
            "backgroundColor": "#e7e7e7",
            "backgroundImage": {
                "url": "",
                "fullWidth": true,
                "repeat": false,
                "center": true,
                "cover": false
            },
            "contentWidth": "500px",
            "contentAlign": "center",
            "fontFamily": {
                "label": "Arial",
                "value": "arial,helvetica,sans-serif"
            },
            "preheaderText": "",
            "linkStyle": {
                "body": true,
                "linkColor": "#0000ee",
                "linkHoverColor": "#0000ee",
                "linkUnderline": true,
                "linkHoverUnderline": true
            },
            "_meta": {
                "htmlID": "u_body",
                "htmlClassNames": "u_body"
            }
        }
    },
    "schemaVersion": 6
}