{
  "body": {
    "rows": [
      {
        "cells": [
          1
        ],
        "values": {
          "_meta": {
            "htmlID": "u_row_1",
            "htmlClassNames": "u_row"
          },
          "columns": false,
          "padding": "0px",
          "deletable": true,
          "draggable": true,
          "hideMobile": false,
          "selectable": true,
          "hideDesktop": false,
          "duplicatable": true,
          "noStackMobile": false,
          "backgroundColor": "#bfd8d2",
          "backgroundImage": {
            "url": "",
            "cover": false,
            "center": true,
            "repeat": false,
            "fullWidth": true
          },
          "displayCondition": null,
          "columnsBackgroundColor": "#bfd8d2"
        },
        "columns": [
          {
            "values": {
              "_meta": {
                "htmlID": "u_column_1",
                "htmlClassNames": "u_column"
              },
              "border": {},
              "padding": "0px",
              "backgroundColor": ""
            },
            "contents": [
              {
                "type": "image",
                "values": {
                  "src": {
                    "url": "https://cdn.templates.unlayer.com/assets/1606998390425-logo.png",
                    "width": 473,
                    "height": 282,
                    "maxWidth": "28%",
                    "autoWidth": false
                  },
                  "_meta": {
                    "htmlID": "u_content_image_1",
                    "htmlClassNames": "u_content_image"
                  },
                  "action": {
                    "name": "web",
                    "values": {
                      "href": "",
                      "target": "_blank"
                    }
                  },
                  "altText": "Image",
                  "deletable": true,
                  "draggable": true,
                  "textAlign": "center",
                  "hideMobile": false,
                  "selectable": true,
                  "hideDesktop": false,
                  "duplicatable": true,
                  "containerPadding": "30px 10px 15px"
                }
              }
            ]
          }
        ]
      },
      {
        "cells": [
          1
        ],
        "values": {
          "_meta": {
            "htmlID": "u_row_2",
            "htmlClassNames": "u_row"
          },
          "columns": false,
          "padding": "0px",
          "deletable": true,
          "draggable": true,
          "hideMobile": false,
          "selectable": true,
          "hideDesktop": false,
          "duplicatable": true,
          "noStackMobile": false,
          "backgroundColor": "#bfd8d2",
          "backgroundImage": {
            "url": "https://cdn.templates.unlayer.com/assets/1606998570852-baa.png",
            "cover": false,
            "width": 600,
            "center": true,
            "height": 430,
            "repeat": false,
            "fullWidth": true
          },
          "displayCondition": null,
          "columnsBackgroundColor": ""
        },
        "columns": [
          {
            "values": {
              "_meta": {
                "htmlID": "u_column_2",
                "htmlClassNames": "u_column"
              },
              "border": {},
              "padding": "0px",
              "backgroundColor": ""
            },
            "contents": [
              {
                "type": "text",
                "values": {
                  "text": "<p style=\"font-size: 14px; line-height: 140%;\"><strong><span style=\"font-size: 44px; line-height: 61.6px; font-family: 'Playfair Display', serif;\">RUNNING</span></strong></p>\n<p style=\"font-size: 14px; line-height: 140%;\"><strong><span style=\"font-size: 44px; line-height: 61.6px; font-family: 'Playfair Display', serif;\">&nbsp; &nbsp; &nbsp; ON HOPE</span></strong></p>",
                  "_meta": {
                    "htmlID": "u_content_text_1",
                    "htmlClassNames": "u_content_text"
                  },
                  "color": "#ffffff",
                  "deletable": true,
                  "draggable": true,
                  "linkStyle": {
                    "inherit": true,
                    "linkColor": "#0000ee",
                    "linkUnderline": true,
                    "linkHoverColor": "#0000ee",
                    "linkHoverUnderline": true
                  },
                  "textAlign": "left",
                  "hideMobile": false,
                  "lineHeight": "140%",
                  "selectable": true,
                  "hideDesktop": false,
                  "duplicatable": true,
                  "containerPadding": "80px 10px 15px 30px"
                }
              },
              {
                "type": "button",
                "values": {
                  "href": {
                    "name": "web",
                    "values": {
                      "href": "",
                      "target": "_blank"
                    }
                  },
                  "size": {
                    "width": "100%",
                    "autoWidth": true
                  },
                  "text": "<strong><span style=\"font-size: 16px; line-height: 19.2px;\">Let's Start</span></strong>",
                  "_meta": {
                    "htmlID": "u_content_button_1",
                    "htmlClassNames": "u_content_button"
                  },
                  "border": {},
                  "padding": "10px 20px",
                  "deletable": true,
                  "draggable": true,
                  "textAlign": "center",
                  "hideMobile": false,
                  "lineHeight": "120%",
                  "selectable": true,
                  "hideDesktop": false,
                  "borderRadius": "0px",
                  "buttonColors": {
                    "color": "#c97a14",
                    "hoverColor": "#FFFFFF",
                    "backgroundColor": "#ffffff",
                    "hoverBackgroundColor": "#3AAEE0"
                  },
                  "duplicatable": true,
                  "calculatedWidth": 124,
                  "calculatedHeight": 39,
                  "containerPadding": "20px 30px 80px 10px"
                }
              }
            ]
          }
        ]
      },
      {
        "cells": [
          1
        ],
        "values": {
          "_meta": {
            "htmlID": "u_row_14",
            "htmlClassNames": "u_row"
          },
          "columns": false,
          "padding": "0px",
          "deletable": true,
          "draggable": true,
          "hideMobile": false,
          "selectable": true,
          "hideDesktop": false,
          "duplicatable": true,
          "noStackMobile": false,
          "backgroundColor": "#bfd8d2",
          "backgroundImage": {
            "url": "",
            "cover": false,
            "center": true,
            "repeat": false,
            "fullWidth": true
          },
          "displayCondition": null,
          "columnsBackgroundColor": "#f9f9f9"
        },
        "columns": [
          {
            "values": {
              "_meta": {
                "htmlID": "u_column_18",
                "htmlClassNames": "u_column"
              },
              "border": {},
              "padding": "0px",
              "backgroundColor": ""
            },
            "contents": [
              {
                "type": "divider",
                "values": {
                  "_meta": {
                    "htmlID": "u_content_divider_4",
                    "htmlClassNames": "u_content_divider"
                  },
                  "width": "100%",
                  "border": {
                    "borderTopColor": "#BBBBBB",
                    "borderTopStyle": "solid",
                    "borderTopWidth": "0px"
                  },
                  "deletable": true,
                  "draggable": true,
                  "textAlign": "center",
                  "hideMobile": false,
                  "selectable": true,
                  "hideDesktop": false,
                  "duplicatable": true,
                  "containerPadding": "20px"
                }
              }
            ]
          }
        ]
      },
      {
        "cells": [
          1,
          1
        ],
        "values": {
          "_meta": {
            "htmlID": "u_row_4",
            "htmlClassNames": "u_row"
          },
          "columns": false,
          "padding": "0px",
          "deletable": true,
          "draggable": true,
          "hideMobile": false,
          "selectable": true,
          "hideDesktop": false,
          "duplicatable": true,
          "noStackMobile": false,
          "backgroundColor": "",
          "backgroundImage": {
            "url": "",
            "cover": false,
            "center": true,
            "repeat": false,
            "fullWidth": true
          },
          "displayCondition": null,
          "columnsBackgroundColor": "#f9f9f9"
        },
        "columns": [
          {
            "values": {
              "_meta": {
                "htmlID": "u_column_4",
                "htmlClassNames": "u_column"
              },
              "border": {
                "borderTopColor": "#CCC",
                "borderTopStyle": "solid",
                "borderTopWidth": "0px",
                "borderLeftColor": "#CCC",
                "borderLeftStyle": "solid",
                "borderLeftWidth": "0px",
                "borderRightColor": "#a5a5a5",
                "borderRightStyle": "solid",
                "borderRightWidth": "2px",
                "borderBottomColor": "#CCC",
                "borderBottomStyle": "solid",
                "borderBottomWidth": "0px"
              },
              "padding": "0px",
              "backgroundColor": ""
            },
            "contents": [
              {
                "type": "text",
                "values": {
                  "text": "<p style=\"font-size: 14px; line-height: 140%;\"><span style=\"font-family: 'Crimson Text', serif; font-size: 14px; line-height: 19.6px;\"><strong><span style=\"font-size: 14px; line-height: 19.6px;\"><span style=\"font-size: 34px; line-height: 47.6px;\">H E L L O</span></span></strong></span></p>\n<p style=\"font-size: 14px; line-height: 140%;\"><span style=\"font-family: 'Crimson Text', serif; font-size: 14px; line-height: 19.6px;\"><strong><span style=\"font-size: 14px; line-height: 19.6px;\"><span style=\"font-size: 34px; line-height: 47.6px;\">T H E R E</span></span></strong></span></p>\n<p style=\"font-size: 14px; line-height: 140%;\"><span style=\"font-family: 'Crimson Text', serif; font-size: 14px; line-height: 19.6px;\"><strong><span style=\"font-size: 14px; line-height: 19.6px;\"><span style=\"font-size: 34px; line-height: 47.6px;\">A N N I E</span></span></strong></span></p>",
                  "_meta": {
                    "htmlID": "u_content_text_2",
                    "htmlClassNames": "u_content_text"
                  },
                  "color": "#c97a14",
                  "_override": {
                    "mobile": {
                      "textAlign": "center"
                    }
                  },
                  "deletable": true,
                  "draggable": true,
                  "linkStyle": {
                    "inherit": true,
                    "linkColor": "#0000ee",
                    "linkUnderline": true,
                    "linkHoverColor": "#0000ee",
                    "linkHoverUnderline": true
                  },
                  "textAlign": "right",
                  "hideMobile": false,
                  "lineHeight": "140%",
                  "selectable": true,
                  "hideDesktop": false,
                  "duplicatable": true,
                  "containerPadding": "10px 40px 0px 10px"
                }
              }
            ]
          },
          {
            "values": {
              "_meta": {
                "htmlID": "u_column_5",
                "htmlClassNames": "u_column"
              },
              "border": {},
              "padding": "0px",
              "backgroundColor": ""
            },
            "contents": [
              {
                "type": "text",
                "values": {
                  "text": "<p style=\"font-size: 14px; line-height: 140%;\">Lorem Ipsum is simply dummy text of the printing and typesetting industry. Lorem Ipsum has been the industry's standard dummy text ever since&nbsp;</p>",
                  "_meta": {
                    "htmlID": "u_content_text_3",
                    "htmlClassNames": "u_content_text"
                  },
                  "color": "#a5a5a5",
                  "deletable": true,
                  "draggable": true,
                  "linkStyle": {
                    "inherit": true,
                    "linkColor": "#0000ee",
                    "linkUnderline": true,
                    "linkHoverColor": "#0000ee",
                    "linkHoverUnderline": true
                  },
                  "textAlign": "left",
                  "hideMobile": false,
                  "lineHeight": "140%",
                  "selectable": true,
                  "hideDesktop": false,
                  "duplicatable": true,
                  "containerPadding": "25px 30px 10px 20px"
                }
              },
              {
                "type": "button",
                "values": {
                  "href": {
                    "name": "web",
                    "values": {
                      "href": "",
                      "target": "_blank"
                    }
                  },
                  "size": {
                    "width": "100%",
                    "autoWidth": true
                  },
                  "text": "<span style=\"font-size: 14px; line-height: 16.8px;\">Read More</span>",
                  "_meta": {
                    "htmlID": "u_content_button_5",
                    "htmlClassNames": "u_content_button"
                  },
                  "border": {},
                  "padding": "10px 20px",
                  "deletable": true,
                  "draggable": true,
                  "textAlign": "center",
                  "hideMobile": false,
                  "lineHeight": "120%",
                  "selectable": true,
                  "hideDesktop": false,
                  "borderRadius": "0px",
                  "buttonColors": {
                    "color": "#FFFFFF",
                    "hoverColor": "#FFFFFF",
                    "backgroundColor": "#c97a14",
                    "hoverBackgroundColor": "#3AAEE0"
                  },
                  "duplicatable": true,
                  "calculatedWidth": 116,
                  "calculatedHeight": 36,
                  "containerPadding": "10px 10px 30px"
                }
              }
            ]
          }
        ]
      },
      {
        "cells": [
          1
        ],
        "values": {
          "_meta": {
            "htmlID": "u_row_5",
            "htmlClassNames": "u_row"
          },
          "columns": false,
          "padding": "0px",
          "deletable": true,
          "draggable": true,
          "hideMobile": false,
          "selectable": true,
          "hideDesktop": false,
          "duplicatable": true,
          "noStackMobile": false,
          "backgroundColor": "",
          "backgroundImage": {
            "url": "",
            "cover": false,
            "center": true,
            "repeat": false,
            "fullWidth": true
          },
          "displayCondition": null,
          "columnsBackgroundColor": "#f9f9f9"
        },
        "columns": [
          {
            "values": {
              "_meta": {
                "htmlID": "u_column_6",
                "htmlClassNames": "u_column"
              },
              "border": {},
              "padding": "0px",
              "backgroundColor": ""
            },
            "contents": [
              {
                "type": "divider",
                "values": {
                  "_meta": {
                    "htmlID": "u_content_divider_2",
                    "htmlClassNames": "u_content_divider"
                  },
                  "width": "57%",
                  "border": {
                    "borderTopColor": "#b6b6b6",
                    "borderTopStyle": "solid",
                    "borderTopWidth": "2px"
                  },
                  "deletable": true,
                  "draggable": true,
                  "textAlign": "center",
                  "hideMobile": false,
                  "selectable": true,
                  "hideDesktop": false,
                  "duplicatable": true,
                  "containerPadding": "10px 10px 40px"
                }
              }
            ]
          }
        ]
      },
      {
        "cells": [
          1,
          1,
          1
        ],
        "values": {
          "_meta": {
            "htmlID": "u_row_3",
            "htmlClassNames": "u_row"
          },
          "columns": false,
          "padding": "0px",
          "deletable": true,
          "draggable": true,
          "hideMobile": false,
          "selectable": true,
          "hideDesktop": false,
          "duplicatable": true,
          "noStackMobile": false,
          "backgroundColor": "",
          "backgroundImage": {
            "url": "",
            "cover": false,
            "center": true,
            "repeat": false,
            "fullWidth": true
          },
          "displayCondition": null,
          "columnsBackgroundColor": "#f9f9f9"
        },
        "columns": [
          {
            "values": {
              "_meta": {
                "htmlID": "u_column_3",
                "htmlClassNames": "u_column"
              },
              "border": {},
              "padding": "0px",
              "backgroundColor": ""
            },
            "contents": [
              {
                "type": "image",
                "values": {
                  "src": {
                    "url": "https://cdn.templates.unlayer.com/assets/1607000299558-a.png",
                    "width": 300,
                    "height": 400,
                    "maxWidth": "80%",
                    "autoWidth": false
                  },
                  "_meta": {
                    "htmlID": "u_content_image_2",
                    "htmlClassNames": "u_content_image"
                  },
                  "action": {
                    "name": "web",
                    "values": {
                      "href": "",
                      "target": "_blank"
                    }
                  },
                  "altText": "Image",
                  "_override": {
                    "mobile": {
                      "src": {
                        "maxWidth": "60%",
                        "autoWidth": false
                      }
                    }
                  },
                  "deletable": true,
                  "draggable": true,
                  "textAlign": "center",
                  "hideMobile": false,
                  "selectable": true,
                  "hideDesktop": false,
                  "duplicatable": true,
                  "containerPadding": "10px 7px 10px 10px"
                }
              },
              {
                "type": "text",
                "values": {
                  "text": "<p style=\"font-size: 14px; line-height: 140%;\">Lorem Ipsum is simply dummy text of the printing and typesetting industry.&nbsp;&nbsp;</p>",
                  "_meta": {
                    "htmlID": "u_content_text_4",
                    "htmlClassNames": "u_content_text"
                  },
                  "color": "#727171",
                  "deletable": true,
                  "draggable": true,
                  "linkStyle": {
                    "inherit": true,
                    "linkColor": "#0000ee",
                    "linkUnderline": true,
                    "linkHoverColor": "#0000ee",
                    "linkHoverUnderline": true
                  },
                  "textAlign": "left",
                  "hideMobile": false,
                  "lineHeight": "140%",
                  "selectable": true,
                  "hideDesktop": false,
                  "duplicatable": true,
                  "containerPadding": "10px 20px"
                }
              },
              {
                "type": "text",
                "values": {
                  "text": "<p style=\"font-size: 14px; line-height: 140%;\"><strong><span style=\"font-size: 14px; line-height: 19.6px; font-family: Lato, sans-serif;\">R e a d&nbsp; &nbsp;M o r e &gt;&gt;</span></strong></p>",
                  "_meta": {
                    "htmlID": "u_content_text_5",
                    "htmlClassNames": "u_content_text"
                  },
                  "color": "#c97a14",
                  "deletable": true,
                  "draggable": true,
                  "linkStyle": {
                    "inherit": true,
                    "linkColor": "#0000ee",
                    "linkUnderline": true,
                    "linkHoverColor": "#0000ee",
                    "linkHoverUnderline": true
                  },
                  "textAlign": "center",
                  "hideMobile": false,
                  "lineHeight": "140%",
                  "selectable": true,
                  "hideDesktop": false,
                  "duplicatable": true,
                  "containerPadding": "0px 10px 20px"
                }
              }
            ]
          },
          {
            "values": {
              "_meta": {
                "htmlID": "u_column_8",
                "htmlClassNames": "u_column"
              },
              "border": {},
              "padding": "0px",
              "backgroundColor": ""
            },
            "contents": [
              {
                "type": "image",
                "values": {
                  "src": {
                    "url": "https://cdn.templates.unlayer.com/assets/1607000395193-b.png",
                    "width": 300,
                    "height": 400,
                    "maxWidth": "75%",
                    "autoWidth": false
                  },
                  "_meta": {
                    "htmlID": "u_content_image_3",
                    "htmlClassNames": "u_content_image"
                  },
                  "action": {
                    "name": "web",
                    "values": {
                      "href": "",
                      "target": "_blank"
                    }
                  },
                  "altText": "Image",
                  "_override": {
                    "mobile": {
                      "src": {
                        "maxWidth": "60%",
                        "autoWidth": false
                      }
                    }
                  },
                  "deletable": true,
                  "draggable": true,
                  "textAlign": "center",
                  "hideMobile": false,
                  "selectable": true,
                  "hideDesktop": false,
                  "duplicatable": true,
                  "containerPadding": "10px 0px"
                }
              },
              {
                "type": "text",
                "values": {
                  "text": "<p style=\"font-size: 14px; line-height: 140%;\">Lorem Ipsum is simply dummy text of the printing and typesetting industry.&nbsp;&nbsp;</p>",
                  "_meta": {
                    "htmlID": "u_content_text_8",
                    "htmlClassNames": "u_content_text"
                  },
                  "color": "#727171",
                  "deletable": true,
                  "draggable": true,
                  "linkStyle": {
                    "inherit": true,
                    "linkColor": "#0000ee",
                    "linkUnderline": true,
                    "linkHoverColor": "#0000ee",
                    "linkHoverUnderline": true
                  },
                  "textAlign": "left",
                  "hideMobile": false,
                  "lineHeight": "140%",
                  "selectable": true,
                  "hideDesktop": false,
                  "duplicatable": true,
                  "containerPadding": "10px 20px"
                }
              },
              {
                "type": "text",
                "values": {
                  "text": "<p style=\"font-size: 14px; line-height: 140%;\"><strong><span style=\"font-size: 14px; line-height: 19.6px; font-family: Lato, sans-serif;\">R e a d&nbsp; &nbsp;M o r e &gt;&gt;</span></strong></p>",
                  "_meta": {
                    "htmlID": "u_content_text_9",
                    "htmlClassNames": "u_content_text"
                  },
                  "color": "#c97a14",
                  "deletable": true,
                  "draggable": true,
                  "linkStyle": {
                    "inherit": true,
                    "linkColor": "#0000ee",
                    "linkUnderline": true,
                    "linkHoverColor": "#0000ee",
                    "linkHoverUnderline": true
                  },
                  "textAlign": "center",
                  "hideMobile": false,
                  "lineHeight": "140%",
                  "selectable": true,
                  "hideDesktop": false,
                  "duplicatable": true,
                  "containerPadding": "0px 10px 20px"
                }
              }
            ]
          },
          {
            "values": {
              "_meta": {
                "htmlID": "u_column_9",
                "htmlClassNames": "u_column"
              },
              "border": {},
              "padding": "0px",
              "backgroundColor": ""
            },
            "contents": [
              {
                "type": "image",
                "values": {
                  "src": {
                    "url": "https://cdn.templates.unlayer.com/assets/1607000411664-c.png",
                    "width": 300,
                    "height": 400,
                    "maxWidth": "80%",
                    "autoWidth": false
                  },
                  "_meta": {
                    "htmlID": "u_content_image_4",
                    "htmlClassNames": "u_content_image"
                  },
                  "action": {
                    "name": "web",
                    "values": {
                      "href": "",
                      "target": "_blank"
                    }
                  },
                  "altText": "Image",
                  "_override": {
                    "mobile": {
                      "src": {
                        "maxWidth": "60%",
                        "autoWidth": false
                      }
                    }
                  },
                  "deletable": true,
                  "draggable": true,
                  "textAlign": "center",
                  "hideMobile": false,
                  "selectable": true,
                  "hideDesktop": false,
                  "duplicatable": true,
                  "containerPadding": "10px 10px 10px 8px"
                }
              },
              {
                "type": "text",
                "values": {
                  "text": "<p style=\"font-size: 14px; line-height: 140%;\">Lorem Ipsum is simply dummy text of the printing and typesetting industry.&nbsp;&nbsp;</p>",
                  "_meta": {
                    "htmlID": "u_content_text_6",
                    "htmlClassNames": "u_content_text"
                  },
                  "color": "#727171",
                  "deletable": true,
                  "draggable": true,
                  "linkStyle": {
                    "inherit": true,
                    "linkColor": "#0000ee",
                    "linkUnderline": true,
                    "linkHoverColor": "#0000ee",
                    "linkHoverUnderline": true
                  },
                  "textAlign": "left",
                  "hideMobile": false,
                  "lineHeight": "140%",
                  "selectable": true,
                  "hideDesktop": false,
                  "duplicatable": true,
                  "containerPadding": "10px 20px"
                }
              },
              {
                "type": "text",
                "values": {
                  "text": "<p style=\"font-size: 14px; line-height: 140%;\"><strong><span style=\"font-size: 14px; line-height: 19.6px; font-family: Lato, sans-serif;\">R e a d&nbsp; &nbsp;M o r e &gt;&gt;</span></strong></p>",
                  "_meta": {
                    "htmlID": "u_content_text_7",
                    "htmlClassNames": "u_content_text"
                  },
                  "color": "#c97a14",
                  "deletable": true,
                  "draggable": true,
                  "linkStyle": {
                    "inherit": true,
                    "linkColor": "#0000ee",
                    "linkUnderline": true,
                    "linkHoverColor": "#0000ee",
                    "linkHoverUnderline": true
                  },
                  "textAlign": "center",
                  "hideMobile": false,
                  "lineHeight": "140%",
                  "selectable": true,
                  "hideDesktop": false,
                  "duplicatable": true,
                  "containerPadding": "0px 10px 30px"
                }
              }
            ]
          }
        ]
      },
      {
        "cells": [
          1
        ],
        "values": {
          "_meta": {
            "htmlID": "u_row_8",
            "htmlClassNames": "u_row"
          },
          "columns": false,
          "padding": "0px",
          "deletable": true,
          "draggable": true,
          "hideMobile": false,
          "selectable": true,
          "hideDesktop": false,
          "duplicatable": true,
          "noStackMobile": false,
          "backgroundColor": "",
          "backgroundImage": {
            "url": "",
            "cover": false,
            "center": true,
            "repeat": false,
            "fullWidth": true
          },
          "displayCondition": null,
          "columnsBackgroundColor": "#f9f9f9"
        },
        "columns": [
          {
            "values": {
              "_meta": {
                "htmlID": "u_column_11",
                "htmlClassNames": "u_column"
              },
              "border": {},
              "padding": "0px",
              "backgroundColor": ""
            },
            "contents": [
              {
                "type": "image",
                "values": {
                  "src": {
                    "url": "https://cdn.templates.unlayer.com/assets/1607002000922-vvb.png",
                    "width": 600,
                    "height": 48
                  },
                  "_meta": {
                    "htmlID": "u_content_image_5",
                    "htmlClassNames": "u_content_image"
                  },
                  "action": {
                    "name": "web",
                    "values": {
                      "href": "",
                      "target": "_blank"
                    }
                  },
                  "altText": "Image",
                  "deletable": true,
                  "draggable": true,
                  "textAlign": "center",
                  "hideMobile": false,
                  "selectable": true,
                  "hideDesktop": false,
                  "duplicatable": true,
                  "containerPadding": "25px 0px 0px"
                }
              }
            ]
          }
        ]
      },
      {
        "cells": [
          1
        ],
        "values": {
          "_meta": {
            "htmlID": "u_row_7",
            "htmlClassNames": "u_row"
          },
          "columns": false,
          "padding": "0px",
          "deletable": true,
          "draggable": true,
          "hideMobile": false,
          "selectable": true,
          "hideDesktop": false,
          "duplicatable": true,
          "noStackMobile": false,
          "backgroundColor": "",
          "backgroundImage": {
            "url": "",
            "cover": false,
            "center": true,
            "repeat": false,
            "fullWidth": true
          },
          "displayCondition": null,
          "columnsBackgroundColor": "#cc7202"
        },
        "columns": [
          {
            "values": {
              "_meta": {
                "htmlID": "u_column_10",
                "htmlClassNames": "u_column"
              },
              "border": {},
              "padding": "0px",
              "backgroundColor": ""
            },
            "contents": [
              {
                "type": "image",
                "values": {
                  "src": {
                    "url": "https://cdn.templates.unlayer.com/assets/1607002237183-ic.png",
                    "width": 61,
                    "height": 64
                  },
                  "_meta": {
                    "htmlID": "u_content_image_6",
                    "htmlClassNames": "u_content_image"
                  },
                  "action": {
                    "name": "web",
                    "values": {
                      "href": "",
                      "target": "_blank"
                    }
                  },
                  "altText": "Image",
                  "deletable": true,
                  "draggable": true,
                  "textAlign": "center",
                  "hideMobile": false,
                  "selectable": true,
                  "hideDesktop": false,
                  "duplicatable": true,
                  "containerPadding": "10px"
                }
              },
              {
                "type": "text",
                "values": {
                  "text": "<p style=\"font-size: 14px; line-height: 140%;\"><span style=\"font-size: 16px; line-height: 22.4px;\">\" Lorem Ipsum is simply dummy text of the</span></p>\n<p style=\"font-size: 14px; line-height: 140%;\"><span style=\"font-size: 16px; line-height: 22.4px;\"> printing and typesetting industry. \"</span></p>",
                  "_meta": {
                    "htmlID": "u_content_text_10",
                    "htmlClassNames": "u_content_text"
                  },
                  "color": "#ffffff",
                  "deletable": true,
                  "draggable": true,
                  "linkStyle": {
                    "inherit": true,
                    "linkColor": "#0000ee",
                    "linkUnderline": true,
                    "linkHoverColor": "#0000ee",
                    "linkHoverUnderline": true
                  },
                  "textAlign": "center",
                  "hideMobile": false,
                  "lineHeight": "140%",
                  "selectable": true,
                  "hideDesktop": false,
                  "duplicatable": true,
                  "containerPadding": "10px 10px 20px"
                }
              }
            ]
          }
        ]
      },
      {
        "cells": [
          1
        ],
        "values": {
          "_meta": {
            "htmlID": "u_row_10",
            "htmlClassNames": "u_row"
          },
          "columns": false,
          "padding": "0px",
          "deletable": true,
          "draggable": true,
          "hideMobile": false,
          "selectable": true,
          "hideDesktop": false,
          "duplicatable": true,
          "noStackMobile": false,
          "backgroundColor": "",
          "backgroundImage": {
            "url": "",
            "cover": false,
            "center": true,
            "repeat": false,
            "fullWidth": true
          },
          "displayCondition": null,
          "columnsBackgroundColor": "#f9f9f9"
        },
        "columns": [
          {
            "values": {
              "_meta": {
                "htmlID": "u_column_13",
                "htmlClassNames": "u_column"
              },
              "border": {},
              "padding": "0px",
              "backgroundColor": ""
            },
            "contents": [
              {
                "type": "image",
                "values": {
                  "src": {
                    "url": "https://cdn.templates.unlayer.com/assets/1607002319908-vvb2.png",
                    "width": 600,
                    "height": 48
                  },
                  "_meta": {
                    "htmlID": "u_content_image_7",
                    "htmlClassNames": "u_content_image"
                  },
                  "action": {
                    "name": "web",
                    "values": {
                      "href": "",
                      "target": "_blank"
                    }
                  },
                  "altText": "Image",
                  "deletable": true,
                  "draggable": true,
                  "textAlign": "center",
                  "hideMobile": false,
                  "selectable": true,
                  "hideDesktop": false,
                  "duplicatable": true,
                  "containerPadding": "0px 0px 40px"
                }
              }
            ]
          }
        ]
      },
      {
        "cells": [
          1,
          1
        ],
        "values": {
          "_meta": {
            "htmlID": "u_row_9",
            "htmlClassNames": "u_row"
          },
          "columns": false,
          "padding": "0px",
          "deletable": true,
          "draggable": true,
          "hideMobile": false,
          "selectable": true,
          "hideDesktop": false,
          "duplicatable": true,
          "noStackMobile": false,
          "backgroundColor": "",
          "backgroundImage": {
            "url": "",
            "cover": false,
            "center": true,
            "repeat": false,
            "fullWidth": true
          },
          "displayCondition": null,
          "columnsBackgroundColor": "#f9f9f9"
        },
        "columns": [
          {
            "values": {
              "_meta": {
                "htmlID": "u_column_12",
                "htmlClassNames": "u_column"
              },
              "border": {},
              "padding": "0px",
              "backgroundColor": ""
            },
            "contents": [
              {
                "type": "text",
                "values": {
                  "text": "<p style=\"font-size: 14px; line-height: 140%;\"><strong><span style=\"font-size: 18px; line-height: 25.2px;\">See our tribute to Gabe Grunewald</span></strong></p>",
                  "_meta": {
                    "htmlID": "u_content_text_11",
                    "htmlClassNames": "u_content_text"
                  },
                  "color": "#727171",
                  "deletable": true,
                  "draggable": true,
                  "linkStyle": {
                    "inherit": true,
                    "linkColor": "#0000ee",
                    "linkUnderline": true,
                    "linkHoverColor": "#0000ee",
                    "linkHoverUnderline": true
                  },
                  "textAlign": "left",
                  "hideMobile": false,
                  "lineHeight": "140%",
                  "selectable": true,
                  "hideDesktop": false,
                  "duplicatable": true,
                  "containerPadding": "10px 10px 10px 30px"
                }
              },
              {
                "type": "text",
                "values": {
                  "text": "<p style=\"font-size: 14px; line-height: 150%;\"><span style=\"font-size: 12px; line-height: 18px;\">Lorem Ipsum is simply dummy text of the printing and typesetting industry. Lorem Ipsum has been the industry's standard dummy text ever since</span></p>",
                  "_meta": {
                    "htmlID": "u_content_text_12",
                    "htmlClassNames": "u_content_text"
                  },
                  "color": "#000000",
                  "deletable": true,
                  "draggable": true,
                  "linkStyle": {
                    "inherit": true,
                    "linkColor": "#0000ee",
                    "linkUnderline": true,
                    "linkHoverColor": "#0000ee",
                    "linkHoverUnderline": true
                  },
                  "textAlign": "left",
                  "hideMobile": false,
                  "lineHeight": "150%",
                  "selectable": true,
                  "hideDesktop": false,
                  "duplicatable": true,
                  "containerPadding": "10px 10px 10px 30px"
                }
              }
            ]
          },
          {
            "values": {
              "_meta": {
                "htmlID": "u_column_14",
                "htmlClassNames": "u_column"
              },
              "border": {},
              "padding": "0px",
              "backgroundColor": ""
            },
            "contents": [
              {
                "type": "video",
                "values": {
                  "_meta": {
                    "htmlID": "u_content_video_1",
                    "htmlClassNames": "u_content_video"
                  },
                  "video": {
                    "url": "https://www.youtube.com/watch?v=qWy_aOlB45Y",
                    "type": "youtube",
                    "videoId": "qWy_aOlB45Y",
                    "thumbnail": "https://cdn.templates.unlayer.com/assets/1607002987161-video_youtube_qWy_aOlB45Y.jpg"
                  },
                  "deletable": true,
                  "draggable": true,
                  "hideMobile": false,
                  "selectable": true,
                  "hideDesktop": false,
                  "duplicatable": true,
                  "containerPadding": "10px 10px 30px"
                }
              }
            ]
          }
        ]
      },
      {
        "cells": [
          1
        ],
        "values": {
          "_meta": {
            "htmlID": "u_row_13",
            "htmlClassNames": "u_row"
          },
          "columns": false,
          "padding": "0px",
          "deletable": true,
          "draggable": true,
          "hideMobile": false,
          "selectable": true,
          "hideDesktop": false,
          "duplicatable": true,
          "noStackMobile": false,
          "backgroundColor": "#bfd8d2",
          "backgroundImage": {
            "url": "",
            "cover": false,
            "center": true,
            "repeat": false,
            "fullWidth": true
          },
          "displayCondition": null,
          "columnsBackgroundColor": "#f9f9f9"
        },
        "columns": [
          {
            "values": {
              "_meta": {
                "htmlID": "u_column_17",
                "htmlClassNames": "u_column"
              },
              "border": {},
              "padding": "0px",
              "backgroundColor": ""
            },
            "contents": [
              {
                "type": "divider",
                "values": {
                  "_meta": {
                    "htmlID": "u_content_divider_3",
                    "htmlClassNames": "u_content_divider"
                  },
                  "width": "100%",
                  "border": {
                    "borderTopColor": "#BBBBBB",
                    "borderTopStyle": "solid",
                    "borderTopWidth": "0px"
                  },
                  "deletable": true,
                  "draggable": true,
                  "textAlign": "center",
                  "hideMobile": false,
                  "selectable": true,
                  "hideDesktop": false,
                  "duplicatable": true,
                  "containerPadding": "20px"
                }
              }
            ]
          }
        ]
      },
      {
        "cells": [
          1
        ],
        "values": {
          "_meta": {
            "htmlID": "u_row_12",
            "htmlClassNames": "u_row"
          },
          "columns": false,
          "padding": "0px",
          "deletable": true,
          "draggable": true,
          "hideMobile": false,
          "selectable": true,
          "hideDesktop": false,
          "duplicatable": true,
          "noStackMobile": false,
          "backgroundColor": "#bfd8d2",
          "backgroundImage": {
            "url": "",
            "cover": false,
            "center": true,
            "repeat": false,
            "fullWidth": true
          },
          "displayCondition": null,
          "columnsBackgroundColor": ""
        },
        "columns": [
          {
            "values": {
              "_meta": {
                "htmlID": "u_column_16",
                "htmlClassNames": "u_column"
              },
              "border": {},
              "padding": "0px",
              "backgroundColor": ""
            },
            "contents": [
              {
                "type": "social",
                "values": {
                  "_meta": {
                    "htmlID": "u_content_social_1",
                    "htmlClassNames": "u_content_social"
                  },
                  "align": "center",
                  "icons": {
                    "icons": [
                      {
                        "url": "https://linkedin.com/",
                        "name": "LinkedIn"
                      },
                      {
                        "url": "https://twitter.com/",
                        "name": "Twitter"
                      },
                      {
                        "url": "https://instagram.com/",
                        "name": "Instagram"
                      },
                      {
                        "url": "https://youtube.com/",
                        "name": "YouTube"
                      }
                    ],
                    "iconType": "circle-black"
                  },
                  "spacing": 15,
                  "deletable": true,
                  "draggable": true,
                  "hideMobile": false,
                  "selectable": true,
                  "hideDesktop": false,
                  "duplicatable": true,
                  "containerPadding": "40px 10px 10px"
                }
              },
              {
                "type": "text",
                "values": {
                  "text": "<p style=\"font-size: 14px; line-height: 180%;\"><span style=\"font-size: 12px; line-height: 21.6px;\">This email was sent to hellofitness.yeah by Goop Inc.</span></p>\n<p style=\"font-size: 14px; line-height: 180%;\"><span style=\"font-size: 12px; line-height: 21.6px;\"> 212 26th St&nbsp; |&nbsp; Santa Monica&nbsp; |&nbsp; CA&nbsp; |&nbsp; 90402 </span></p>\n<p style=\"font-size: 14px; line-height: 180%;\"><span style=\"font-size: 12px; line-height: 21.6px;\">Fitness Inc.&nbsp; All rights reserved. </span></p>\n<p style=\"font-size: 14px; line-height: 180%;\"><span style=\"font-size: 12px; line-height: 21.6px;\">Company No. 123456789</span><br /><span style=\"font-size: 12px; line-height: 21.6px;\"><span style=\"text-decoration: underline; font-size: 12px; line-height: 21.6px;\">Manage Preferences</span> | <span style=\"text-decoration: underline; font-size: 12px; line-height: 21.6px;\">Unsubscribe&nbsp; </span>| <span style=\"text-decoration: underline; font-size: 12px; line-height: 21.6px;\">View in browser</span>&nbsp;</span></p>",
                  "_meta": {
                    "htmlID": "u_content_text_14",
                    "htmlClassNames": "u_content_text"
                  },
                  "color": "#333333",
                  "deletable": true,
                  "draggable": true,
                  "linkStyle": {
                    "inherit": true,
                    "linkColor": "#0000ee",
                    "linkUnderline": true,
                    "linkHoverColor": "#0000ee",
                    "linkHoverUnderline": true
                  },
                  "textAlign": "center",
                  "hideMobile": false,
                  "lineHeight": "180%",
                  "selectable": true,
                  "hideDesktop": false,
                  "duplicatable": true,
                  "containerPadding": "10px 10px 20px"
                }
              }
            ]
          }
        ]
      }
    ],
    "values": {
      "_meta": {
        "htmlID": "u_body",
        "htmlClassNames": "u_body"
      },
      "linkStyle": {
        "body": true,
        "linkColor": "#0000ee",
        "linkUnderline": true,
        "linkHoverColor": "#0000ee",
        "linkHoverUnderline": true
      },
      "fontFamily": {
        "url": "https://fonts.googleapis.com/css?family=Montserrat:400,700",
        "label": "Montserrat",
        "value": "'Montserrat',sans-serif",
        "defaultFont": true
      },
      "contentWidth": "600px",
      "preheaderText": "",
      "backgroundColor": "#fdf4ef",
      "backgroundImage": {
        "url": "",
        "cover": false,
        "center": true,
        "repeat": false,
        "fullWidth": true
      }
    }
  },
  "counters": {
    "u_row": 14,
    "u_column": 18,
    "u_content_text": 14,
    "u_content_image": 7,
    "u_content_video": 1,
    "u_content_button": 5,
    "u_content_social": 1,
    "u_content_divider": 4
  },
  "schemaVersion": 5
}