{
    "counters": {
        "u_column": 13,
        "u_row": 11,
        "u_content_text": 11,
        "u_content_image": 6,
        "u_content_divider": 1,
        "u_content_button": 3
    },
    "body": {
        "rows": [
            {
                "cells": [
                    1
                ],
                "columns": [
                    {
                        "contents": [
                            {
                                "type": "text",
                                "values": {
                                    "containerPadding": "10px",
                                    "textAlign": "left",
                                    "lineHeight": "140%",
                                    "linkStyle": {
                                        "inherit": true,
                                        "linkColor": "#0000ee",
                                        "linkHoverColor": "#0000ee",
                                        "linkUnderline": true,
                                        "linkHoverUnderline": true
                                    },
                                    "_meta": {
                                        "htmlID": "u_content_text_1",
                                        "htmlClassNames": "u_content_text"
                                    },
                                    "selectable": true,
                                    "draggable": true,
                                    "duplicatable": true,
                                    "deletable": true,
                                    "hideable": true,
                                    "text": "<p style=\"font-size: 14px; line-height: 140%; text-align: center;\"><span style=\"font-size: 12px; line-height: 16.8px;\">Read this message</span></p>"
                                }
                            }
                        ],
                        "values": {
                            "backgroundColor": "",
                            "padding": "0px",
                            "border": {},
                            "_meta": {
                                "htmlID": "u_column_3",
                                "htmlClassNames": "u_column"
                            }
                        }
                    }
                ],
                "values": {
                    "displayCondition": null,
                    "columns": false,
                    "backgroundColor": "",
                    "columnsBackgroundColor": "",
                    "backgroundImage": {
                        "url": "",
                        "fullWidth": true,
                        "repeat": false,
                        "center": true,
                        "cover": false
                    },
                    "padding": "0px",
                    "_meta": {
                        "htmlID": "u_row_3",
                        "htmlClassNames": "u_row"
                    },
                    "selectable": true,
                    "draggable": true,
                    "duplicatable": true,
                    "deletable": true,
                    "hideable": true
                }
            },
            {
                "cells": [
                    1
                ],
                "columns": [
                    {
                        "contents": [
                            {
                                "type": "image",
                                "values": {
                                    "containerPadding": "10px",
                                    "src": {
                                        "url": "https://sdemailmarketing.com/images/common/templates/messages/356/1/img/01.gif",
                                        "width": 137,
                                        "height": 36
                                    },
                                    "textAlign": "center",
                                    "altText": "Image",
                                    "action": {
                                        "name": "web",
                                        "values": {
                                            "href": "",
                                            "target": "_blank"
                                        }
                                    },
                                    "_meta": {
                                        "htmlID": "u_content_image_1",
                                        "htmlClassNames": "u_content_image"
                                    },
                                    "selectable": true,
                                    "draggable": true,
                                    "duplicatable": true,
                                    "deletable": true,
                                    "hideable": true
                                }
                            },
                            {
                                "type": "image",
                                "values": {
                                    "containerPadding": "10px",
                                    "src": {
                                        "url": "https://sdemailmarketing.com/images/common/templates/messages/356/1/img/02.gif",
                                        "width": 600,
                                        "height": 374
                                    },
                                    "textAlign": "center",
                                    "altText": "Image",
                                    "action": {
                                        "name": "web",
                                        "values": {
                                            "href": "",
                                            "target": "_blank"
                                        }
                                    },
                                    "_meta": {
                                        "htmlID": "u_content_image_2",
                                        "htmlClassNames": "u_content_image"
                                    },
                                    "selectable": true,
                                    "draggable": true,
                                    "duplicatable": true,
                                    "deletable": true,
                                    "hideable": true
                                }
                            }
                        ],
                        "values": {
                            "backgroundColor": "",
                            "padding": "0px",
                            "border": {},
                            "_meta": {
                                "htmlID": "u_column_4",
                                "htmlClassNames": "u_column"
                            }
                        }
                    }
                ],
                "values": {
                    "displayCondition": null,
                    "columns": false,
                    "backgroundColor": "",
                    "columnsBackgroundColor": "",
                    "backgroundImage": {
                        "url": "",
                        "fullWidth": true,
                        "repeat": false,
                        "center": true,
                        "cover": false
                    },
                    "padding": "0px",
                    "_meta": {
                        "htmlID": "u_row_4",
                        "htmlClassNames": "u_row"
                    },
                    "selectable": true,
                    "draggable": true,
                    "duplicatable": true,
                    "deletable": true,
                    "hideable": true
                }
            },
            {
                "cells": [
                    1
                ],
                "columns": [
                    {
                        "contents": [
                            {
                                "type": "text",
                                "values": {
                                    "containerPadding": "10px",
                                    "textAlign": "left",
                                    "lineHeight": "140%",
                                    "linkStyle": {
                                        "inherit": true,
                                        "linkColor": "#0000ee",
                                        "linkHoverColor": "#0000ee",
                                        "linkUnderline": true,
                                        "linkHoverUnderline": true
                                    },
                                    "_meta": {
                                        "htmlID": "u_content_text_2",
                                        "htmlClassNames": "u_content_text"
                                    },
                                    "selectable": true,
                                    "draggable": true,
                                    "duplicatable": true,
                                    "deletable": true,
                                    "hideable": true,
                                    "text": "<p style=\"font-size: 14px; line-height: 140%; text-align: center;\"><span style=\"font-size: 22px; line-height: 30.8px;\">Up to <strong>20%</strong> off throughout June!</span></p>"
                                }
                            }
                        ],
                        "values": {
                            "backgroundColor": "",
                            "padding": "0px",
                            "border": {},
                            "_meta": {
                                "htmlID": "u_column_5",
                                "htmlClassNames": "u_column"
                            }
                        }
                    }
                ],
                "values": {
                    "displayCondition": null,
                    "columns": false,
                    "backgroundColor": "",
                    "columnsBackgroundColor": "",
                    "backgroundImage": {
                        "url": "",
                        "fullWidth": true,
                        "repeat": false,
                        "center": true,
                        "cover": false
                    },
                    "padding": "0px",
                    "_meta": {
                        "htmlID": "u_row_5",
                        "htmlClassNames": "u_row"
                    },
                    "selectable": true,
                    "draggable": true,
                    "duplicatable": true,
                    "deletable": true,
                    "hideable": true
                }
            },
            {
                "cells": [
                    1
                ],
                "columns": [
                    {
                        "contents": [
                            {
                                "type": "text",
                                "values": {
                                    "containerPadding": "10px",
                                    "textAlign": "left",
                                    "lineHeight": "140%",
                                    "linkStyle": {
                                        "inherit": true,
                                        "linkColor": "#0000ee",
                                        "linkHoverColor": "#0000ee",
                                        "linkUnderline": true,
                                        "linkHoverUnderline": true
                                    },
                                    "_meta": {
                                        "htmlID": "u_content_text_3",
                                        "htmlClassNames": "u_content_text"
                                    },
                                    "selectable": true,
                                    "draggable": true,
                                    "duplicatable": true,
                                    "deletable": true,
                                    "hideable": true,
                                    "text": "<p style=\"font-size: 14px; line-height: 140%; text-align: center;\"><span style=\"color: #9ba8aa; font-size: 16px; line-height: 22.4px;\">Get ready for the new season with new arrivals in our shop.</span><br /><span style=\"color: #9ba8aa; font-size: 16px; line-height: 22.4px;\">Only this month - at special prices.</span></p>"
                                }
                            }
                        ],
                        "values": {
                            "backgroundColor": "",
                            "padding": "0px",
                            "border": {},
                            "_meta": {
                                "htmlID": "u_column_6",
                                "htmlClassNames": "u_column"
                            }
                        }
                    }
                ],
                "values": {
                    "displayCondition": null,
                    "columns": false,
                    "backgroundColor": "",
                    "columnsBackgroundColor": "",
                    "backgroundImage": {
                        "url": "",
                        "fullWidth": true,
                        "repeat": false,
                        "center": true,
                        "cover": false
                    },
                    "padding": "0px",
                    "_meta": {
                        "htmlID": "u_row_6",
                        "htmlClassNames": "u_row"
                    },
                    "selectable": true,
                    "draggable": true,
                    "duplicatable": true,
                    "deletable": true,
                    "hideable": true
                }
            },
            {
                "cells": [
                    1
                ],
                "columns": [
                    {
                        "contents": [
                            {
                                "type": "divider",
                                "values": {
                                    "width": "100%",
                                    "border": {
                                        "borderTopWidth": "1px",
                                        "borderTopStyle": "solid",
                                        "borderTopColor": "#BBBBBB"
                                    },
                                    "textAlign": "center",
                                    "containerPadding": "10px",
                                    "_meta": {
                                        "htmlID": "u_content_divider_1",
                                        "htmlClassNames": "u_content_divider"
                                    },
                                    "selectable": true,
                                    "draggable": true,
                                    "duplicatable": true,
                                    "deletable": true,
                                    "hideable": true
                                }
                            }
                        ],
                        "values": {
                            "backgroundColor": "",
                            "padding": "0px",
                            "border": {},
                            "_meta": {
                                "htmlID": "u_column_7",
                                "htmlClassNames": "u_column"
                            }
                        }
                    }
                ],
                "values": {
                    "displayCondition": null,
                    "columns": false,
                    "backgroundColor": "",
                    "columnsBackgroundColor": "",
                    "backgroundImage": {
                        "url": "",
                        "fullWidth": true,
                        "repeat": false,
                        "center": true,
                        "cover": false
                    },
                    "padding": "0px",
                    "_meta": {
                        "htmlID": "u_row_7",
                        "htmlClassNames": "u_row"
                    },
                    "selectable": true,
                    "draggable": true,
                    "duplicatable": true,
                    "deletable": true,
                    "hideable": true
                }
            },
            {
                "cells": [
                    1
                ],
                "columns": [
                    {
                        "contents": [
                            {
                                "type": "text",
                                "values": {
                                    "containerPadding": "10px",
                                    "textAlign": "left",
                                    "lineHeight": "140%",
                                    "linkStyle": {
                                        "inherit": true,
                                        "linkColor": "#0000ee",
                                        "linkHoverColor": "#0000ee",
                                        "linkUnderline": true,
                                        "linkHoverUnderline": true
                                    },
                                    "_meta": {
                                        "htmlID": "u_content_text_4",
                                        "htmlClassNames": "u_content_text"
                                    },
                                    "selectable": true,
                                    "draggable": true,
                                    "duplicatable": true,
                                    "deletable": true,
                                    "hideable": true,
                                    "text": "<p style=\"font-size: 14px; line-height: 140%; text-align: center;\"><span style=\"color: #1a393d; font-size: 20px; line-height: 28px;\">Special offers</span></p>"
                                }
                            }
                        ],
                        "values": {
                            "backgroundColor": "",
                            "padding": "0px",
                            "border": {},
                            "_meta": {
                                "htmlID": "u_column_8",
                                "htmlClassNames": "u_column"
                            }
                        }
                    }
                ],
                "values": {
                    "displayCondition": null,
                    "columns": false,
                    "backgroundColor": "",
                    "columnsBackgroundColor": "",
                    "backgroundImage": {
                        "url": "",
                        "fullWidth": true,
                        "repeat": false,
                        "center": true,
                        "cover": false
                    },
                    "padding": "0px",
                    "_meta": {
                        "htmlID": "u_row_8",
                        "htmlClassNames": "u_row"
                    },
                    "selectable": true,
                    "draggable": true,
                    "duplicatable": true,
                    "deletable": true,
                    "hideable": true
                }
            },
            {
                "cells": [
                    1,
                    1,
                    1
                ],
                "columns": [
                    {
                        "contents": [
                            {
                                "type": "text",
                                "values": {
                                    "containerPadding": "10px",
                                    "textAlign": "left",
                                    "lineHeight": "140%",
                                    "linkStyle": {
                                        "inherit": true,
                                        "linkColor": "#0000ee",
                                        "linkHoverColor": "#0000ee",
                                        "linkUnderline": true,
                                        "linkHoverUnderline": true
                                    },
                                    "_meta": {
                                        "htmlID": "u_content_text_5",
                                        "htmlClassNames": "u_content_text"
                                    },
                                    "selectable": true,
                                    "draggable": true,
                                    "duplicatable": true,
                                    "deletable": true,
                                    "hideable": true,
                                    "text": "<p style=\"font-size: 14px; line-height: 140%; text-align: center;\">Product 1</p>"
                                }
                            },
                            {
                                "type": "image",
                                "values": {
                                    "containerPadding": "10px",
                                    "src": {
                                        "url": "https://sdemailmarketing.com/images/common/templates/messages/356/1/img/03.jpg",
                                        "width": 176,
                                        "height": 125
                                    },
                                    "textAlign": "center",
                                    "altText": "Image",
                                    "action": {
                                        "name": "web",
                                        "values": {
                                            "href": "",
                                            "target": "_blank"
                                        }
                                    },
                                    "_meta": {
                                        "htmlID": "u_content_image_3",
                                        "htmlClassNames": "u_content_image"
                                    },
                                    "selectable": true,
                                    "draggable": true,
                                    "duplicatable": true,
                                    "deletable": true,
                                    "hideable": true
                                }
                            },
                            {
                                "type": "text",
                                "values": {
                                    "containerPadding": "10px",
                                    "textAlign": "left",
                                    "lineHeight": "140%",
                                    "linkStyle": {
                                        "inherit": true,
                                        "linkColor": "#0000ee",
                                        "linkHoverColor": "#0000ee",
                                        "linkUnderline": true,
                                        "linkHoverUnderline": true
                                    },
                                    "_meta": {
                                        "htmlID": "u_content_text_8",
                                        "htmlClassNames": "u_content_text"
                                    },
                                    "selectable": true,
                                    "draggable": true,
                                    "duplicatable": true,
                                    "deletable": true,
                                    "hideable": true,
                                    "text": "<p style=\"font-size: 14px; line-height: 140%; text-align: center;\"><strong><span style=\"font-size: 24px; line-height: 33.6px;\"><span style=\"color: #d4e1e3; font-size: 24px; line-height: 33.6px;\">$</span><span style=\"color: #1a393d; font-size: 24px; line-height: 33.6px;\">99.99</span></span></strong></p>"
                                }
                            },
                            {
                                "type": "button",
                                "values": {
                                    "containerPadding": "10px",
                                    "href": {
                                        "name": "web",
                                        "values": {
                                            "href": "",
                                            "target": "_blank"
                                        }
                                    },
                                    "buttonColors": {
                                        "color": "#FFFFFF",
                                        "backgroundColor": "#ffc03a",
                                        "hoverColor": "#FFFFFF",
                                        "hoverBackgroundColor": "#3AAEE0"
                                    },
                                    "size": {
                                        "autoWidth": true,
                                        "width": "100%"
                                    },
                                    "textAlign": "center",
                                    "lineHeight": "120%",
                                    "padding": "7px 20px",
                                    "border": {},
                                    "borderRadius": "0px",
                                    "_meta": {
                                        "htmlID": "u_content_button_3",
                                        "htmlClassNames": "u_content_button"
                                    },
                                    "selectable": true,
                                    "draggable": true,
                                    "duplicatable": true,
                                    "deletable": true,
                                    "hideable": true,
                                    "text": "<span style=\"font-size: 14px; line-height: 16.8px;\">Buy Now</span>",
                                    "calculatedWidth": 96,
                                    "calculatedHeight": 30
                                }
                            }
                        ],
                        "values": {
                            "backgroundColor": "",
                            "padding": "0px",
                            "border": {},
                            "_meta": {
                                "htmlID": "u_column_9",
                                "htmlClassNames": "u_column"
                            }
                        }
                    },
                    {
                        "contents": [
                            {
                                "type": "text",
                                "values": {
                                    "containerPadding": "10px",
                                    "textAlign": "left",
                                    "lineHeight": "140%",
                                    "linkStyle": {
                                        "inherit": true,
                                        "linkColor": "#0000ee",
                                        "linkHoverColor": "#0000ee",
                                        "linkUnderline": true,
                                        "linkHoverUnderline": true
                                    },
                                    "_meta": {
                                        "htmlID": "u_content_text_9",
                                        "htmlClassNames": "u_content_text"
                                    },
                                    "selectable": true,
                                    "draggable": true,
                                    "duplicatable": true,
                                    "deletable": true,
                                    "hideable": true,
                                    "text": "<p style=\"font-size: 14px; line-height: 140%; text-align: center;\">Product 2</p>"
                                }
                            },
                            {
                                "type": "image",
                                "values": {
                                    "containerPadding": "10px",
                                    "src": {
                                        "url": "https://sdemailmarketing.com/images/common/templates/messages/356/1/img/04.jpg",
                                        "width": 176,
                                        "height": 125
                                    },
                                    "textAlign": "center",
                                    "altText": "Image",
                                    "action": {
                                        "name": "web",
                                        "values": {
                                            "href": "",
                                            "target": "_blank"
                                        }
                                    },
                                    "_meta": {
                                        "htmlID": "u_content_image_5",
                                        "htmlClassNames": "u_content_image"
                                    },
                                    "selectable": true,
                                    "draggable": true,
                                    "duplicatable": true,
                                    "deletable": true,
                                    "hideable": true
                                }
                            },
                            {
                                "type": "text",
                                "values": {
                                    "containerPadding": "10px",
                                    "textAlign": "left",
                                    "lineHeight": "140%",
                                    "linkStyle": {
                                        "inherit": true,
                                        "linkColor": "#0000ee",
                                        "linkHoverColor": "#0000ee",
                                        "linkUnderline": true,
                                        "linkHoverUnderline": true
                                    },
                                    "_meta": {
                                        "htmlID": "u_content_text_10",
                                        "htmlClassNames": "u_content_text"
                                    },
                                    "selectable": true,
                                    "draggable": true,
                                    "duplicatable": true,
                                    "deletable": true,
                                    "hideable": true,
                                    "text": "<p style=\"font-size: 14px; line-height: 140%; text-align: center;\"><strong><span style=\"font-size: 24px; line-height: 33.6px;\"><span style=\"color: #d4e1e3; font-size: 24px; line-height: 33.6px;\">$</span><span style=\"color: #1a393d; font-size: 24px; line-height: 33.6px;\">39.99</span></span></strong></p>"
                                }
                            },
                            {
                                "type": "button",
                                "values": {
                                    "containerPadding": "10px",
                                    "href": {
                                        "name": "web",
                                        "values": {
                                            "href": "",
                                            "target": "_blank"
                                        }
                                    },
                                    "buttonColors": {
                                        "color": "#FFFFFF",
                                        "backgroundColor": "#ffc03a",
                                        "hoverColor": "#FFFFFF",
                                        "hoverBackgroundColor": "#3AAEE0"
                                    },
                                    "size": {
                                        "autoWidth": true,
                                        "width": "100%"
                                    },
                                    "textAlign": "center",
                                    "lineHeight": "120%",
                                    "padding": "7px 20px",
                                    "border": {},
                                    "borderRadius": "0px",
                                    "_meta": {
                                        "htmlID": "u_content_button_2",
                                        "htmlClassNames": "u_content_button"
                                    },
                                    "selectable": true,
                                    "draggable": true,
                                    "duplicatable": true,
                                    "deletable": true,
                                    "hideable": true,
                                    "text": "<span style=\"font-size: 14px; line-height: 16.8px;\">Buy Now</span>",
                                    "calculatedWidth": 96,
                                    "calculatedHeight": 30
                                }
                            }
                        ],
                        "values": {
                            "backgroundColor": "",
                            "padding": "0px",
                            "border": {},
                            "_meta": {
                                "htmlID": "u_column_10",
                                "htmlClassNames": "u_column"
                            }
                        }
                    },
                    {
                        "contents": [
                            {
                                "type": "text",
                                "values": {
                                    "containerPadding": "10px",
                                    "textAlign": "left",
                                    "lineHeight": "140%",
                                    "linkStyle": {
                                        "inherit": true,
                                        "linkColor": "#0000ee",
                                        "linkHoverColor": "#0000ee",
                                        "linkUnderline": true,
                                        "linkHoverUnderline": true
                                    },
                                    "_meta": {
                                        "htmlID": "u_content_text_7",
                                        "htmlClassNames": "u_content_text"
                                    },
                                    "selectable": true,
                                    "draggable": true,
                                    "duplicatable": true,
                                    "deletable": true,
                                    "hideable": true,
                                    "text": "<p style=\"font-size: 14px; line-height: 140%; text-align: center;\">Product 3</p>"
                                }
                            },
                            {
                                "type": "image",
                                "values": {
                                    "containerPadding": "10px",
                                    "src": {
                                        "url": "https://sdemailmarketing.com/images/common/templates/messages/356/1/img/05.jpg",
                                        "width": 176,
                                        "height": 125
                                    },
                                    "textAlign": "center",
                                    "altText": "Image",
                                    "action": {
                                        "name": "web",
                                        "values": {
                                            "href": "",
                                            "target": "_blank"
                                        }
                                    },
                                    "_meta": {
                                        "htmlID": "u_content_image_4",
                                        "htmlClassNames": "u_content_image"
                                    },
                                    "selectable": true,
                                    "draggable": true,
                                    "duplicatable": true,
                                    "deletable": true,
                                    "hideable": true
                                }
                            },
                            {
                                "type": "text",
                                "values": {
                                    "containerPadding": "10px",
                                    "textAlign": "left",
                                    "lineHeight": "140%",
                                    "linkStyle": {
                                        "inherit": true,
                                        "linkColor": "#0000ee",
                                        "linkHoverColor": "#0000ee",
                                        "linkUnderline": true,
                                        "linkHoverUnderline": true
                                    },
                                    "_meta": {
                                        "htmlID": "u_content_text_6",
                                        "htmlClassNames": "u_content_text"
                                    },
                                    "selectable": true,
                                    "draggable": true,
                                    "duplicatable": true,
                                    "deletable": true,
                                    "hideable": true,
                                    "text": "<p style=\"font-size: 14px; line-height: 140%; text-align: center;\"><strong><span style=\"font-size: 24px; line-height: 33.6px;\"><span style=\"color: #d4e1e3; font-size: 24px; line-height: 33.6px;\">$</span><span style=\"color: #1a393d; font-size: 24px; line-height: 33.6px;\">129.49</span></span></strong></p>"
                                }
                            },
                            {
                                "type": "button",
                                "values": {
                                    "containerPadding": "10px",
                                    "href": {
                                        "name": "web",
                                        "values": {
                                            "href": "",
                                            "target": "_blank"
                                        }
                                    },
                                    "buttonColors": {
                                        "color": "#FFFFFF",
                                        "backgroundColor": "#ffc03a",
                                        "hoverColor": "#FFFFFF",
                                        "hoverBackgroundColor": "#3AAEE0"
                                    },
                                    "size": {
                                        "autoWidth": true,
                                        "width": "100%"
                                    },
                                    "textAlign": "center",
                                    "lineHeight": "120%",
                                    "padding": "7px 20px",
                                    "border": {},
                                    "borderRadius": "0px",
                                    "_meta": {
                                        "htmlID": "u_content_button_1",
                                        "htmlClassNames": "u_content_button"
                                    },
                                    "selectable": true,
                                    "draggable": true,
                                    "duplicatable": true,
                                    "deletable": true,
                                    "hideable": true,
                                    "text": "<span style=\"font-size: 14px; line-height: 16.8px;\">Buy Now</span>",
                                    "calculatedWidth": 96,
                                    "calculatedHeight": 30
                                }
                            }
                        ],
                        "values": {
                            "backgroundColor": "",
                            "padding": "0px",
                            "border": {},
                            "_meta": {
                                "htmlID": "u_column_11",
                                "htmlClassNames": "u_column"
                            }
                        }
                    }
                ],
                "values": {
                    "displayCondition": null,
                    "columns": false,
                    "backgroundColor": "",
                    "columnsBackgroundColor": "",
                    "backgroundImage": {
                        "url": "",
                        "fullWidth": true,
                        "repeat": false,
                        "center": true,
                        "cover": false
                    },
                    "padding": "0px",
                    "_meta": {
                        "htmlID": "u_row_9",
                        "htmlClassNames": "u_row"
                    },
                    "selectable": true,
                    "draggable": true,
                    "duplicatable": true,
                    "deletable": true,
                    "hideable": true
                }
            },
            {
                "cells": [
                    1
                ],
                "columns": [
                    {
                        "contents": [
                            {
                                "type": "text",
                                "values": {
                                    "containerPadding": "10px",
                                    "textAlign": "left",
                                    "lineHeight": "140%",
                                    "linkStyle": {
                                        "inherit": true,
                                        "linkColor": "#0000ee",
                                        "linkHoverColor": "#0000ee",
                                        "linkUnderline": true,
                                        "linkHoverUnderline": true
                                    },
                                    "_meta": {
                                        "htmlID": "u_content_text_11",
                                        "htmlClassNames": "u_content_text"
                                    },
                                    "selectable": true,
                                    "draggable": true,
                                    "duplicatable": true,
                                    "deletable": true,
                                    "hideable": true,
                                    "text": "<p style=\"font-size: 14px; line-height: 140%; text-align: center;\"><span style=\"font-size: 12px; line-height: 16.8px;\"><span style=\"color: #4bd8e6; line-height: 16.8px; font-size: 12px;\">Browse more</span> <span style=\"background-color: #9ba8aa; font-size: 12px; line-height: 16.8px;\">products at super prices &raquo;</span></span></p>"
                                }
                            }
                        ],
                        "values": {
                            "backgroundColor": "",
                            "padding": "0px",
                            "border": {},
                            "_meta": {
                                "htmlID": "u_column_12",
                                "htmlClassNames": "u_column"
                            }
                        }
                    }
                ],
                "values": {
                    "displayCondition": null,
                    "columns": false,
                    "backgroundColor": "",
                    "columnsBackgroundColor": "",
                    "backgroundImage": {
                        "url": "",
                        "fullWidth": true,
                        "repeat": false,
                        "center": true,
                        "cover": false
                    },
                    "padding": "0px",
                    "_meta": {
                        "htmlID": "u_row_10",
                        "htmlClassNames": "u_row"
                    },
                    "selectable": true,
                    "draggable": true,
                    "duplicatable": true,
                    "deletable": true,
                    "hideable": true
                }
            },
            {
                "cells": [
                    1
                ],
                "columns": [
                    {
                        "contents": [
                            {
                                "type": "image",
                                "values": {
                                    "containerPadding": "10px",
                                    "src": {
                                        "url": "https://sdemailmarketing.com/images/common/templates/messages/356/1/img/06.gif",
                                        "width": 600,
                                        "height": 216
                                    },
                                    "textAlign": "center",
                                    "altText": "Image",
                                    "action": {
                                        "name": "web",
                                        "values": {
                                            "href": "",
                                            "target": "_blank"
                                        }
                                    },
                                    "_meta": {
                                        "htmlID": "u_content_image_6",
                                        "htmlClassNames": "u_content_image"
                                    },
                                    "selectable": true,
                                    "draggable": true,
                                    "duplicatable": true,
                                    "deletable": true,
                                    "hideable": true
                                }
                            }
                        ],
                        "values": {
                            "backgroundColor": "",
                            "padding": "0px",
                            "border": {},
                            "_meta": {
                                "htmlID": "u_column_13",
                                "htmlClassNames": "u_column"
                            }
                        }
                    }
                ],
                "values": {
                    "displayCondition": null,
                    "columns": false,
                    "backgroundColor": "",
                    "columnsBackgroundColor": "",
                    "backgroundImage": {
                        "url": "",
                        "fullWidth": true,
                        "repeat": false,
                        "center": true,
                        "cover": false
                    },
                    "padding": "0px 0px 35px",
                    "_meta": {
                        "htmlID": "u_row_11",
                        "htmlClassNames": "u_row"
                    },
                    "selectable": true,
                    "draggable": true,
                    "duplicatable": true,
                    "deletable": true,
                    "hideable": true
                }
            }
        ],
        "values": {
            "textColor": "#000000",
            "backgroundColor": "#f1fafb",
            "backgroundImage": {
                "url": "",
                "fullWidth": true,
                "repeat": false,
                "center": true,
                "cover": false
            },
            "contentWidth": "500px",
            "contentAlign": "center",
            "fontFamily": {
                "label": "Arial",
                "value": "arial,helvetica,sans-serif"
            },
            "preheaderText": "",
            "linkStyle": {
                "body": true,
                "linkColor": "#0000ee",
                "linkHoverColor": "#0000ee",
                "linkUnderline": true,
                "linkHoverUnderline": true
            },
            "_meta": {
                "htmlID": "u_body",
                "htmlClassNames": "u_body"
            }
        }
    },
    "schemaVersion": 6
}