{
    "counters": {
        "u_column": 10,
        "u_row": 5,
        "u_content_text": 11,
        "u_content_button": 4,
        "u_content_image": 6,
        "u_content_divider": 2
    },
    "body": {
        "rows": [
            {
                "cells": [
                    51.2,
                    14.2,
                    16.2,
                    18.4
                ],
                "columns": [
                    {
                        "contents": [
                            {
                                "type": "text",
                                "values": {
                                    "containerPadding": "15px",
                                    "textAlign": "left",
                                    "lineHeight": "140%",
                                    "linkStyle": {
                                        "inherit": true,
                                        "linkColor": "#0000ee",
                                        "linkHoverColor": "#0000ee",
                                        "linkUnderline": true,
                                        "linkHoverUnderline": true
                                    },
                                    "_meta": {
                                        "htmlID": "u_content_text_1",
                                        "htmlClassNames": "u_content_text"
                                    },
                                    "selectable": true,
                                    "draggable": true,
                                    "duplicatable": true,
                                    "deletable": true,
                                    "hideable": true,
                                    "text": "<p style=\"font-size: 14px; line-height: 140%;\"><span style=\"color: #ffffff; font-size: 14px; line-height: 19.6px;\"><strong>JOIN</strong> US</span></p>"
                                }
                            }
                        ],
                        "values": {
                            "backgroundColor": "",
                            "padding": "9px",
                            "border": {},
                            "_meta": {
                                "htmlID": "u_column_1",
                                "htmlClassNames": "u_column"
                            }
                        }
                    },
                    {
                        "contents": [
                            {
                                "type": "image",
                                "values": {
                                    "containerPadding": "22px 10px 10px",
                                    "src": {
                                        "url": "https://sdemailmarketing.com/images/common/templates/messages/250/1/img/02.png",
                                        "width": 51,
                                        "height": 20
                                    },
                                    "textAlign": "center",
                                    "altText": "Image",
                                    "action": {
                                        "name": "web",
                                        "values": {
                                            "href": "",
                                            "target": "_blank"
                                        }
                                    },
                                    "_meta": {
                                        "htmlID": "u_content_image_1",
                                        "htmlClassNames": "u_content_image"
                                    },
                                    "selectable": true,
                                    "draggable": true,
                                    "duplicatable": true,
                                    "deletable": true,
                                    "hideable": true
                                }
                            }
                        ],
                        "values": {
                            "backgroundColor": "",
                            "padding": "0px",
                            "border": {},
                            "_meta": {
                                "htmlID": "u_column_2",
                                "htmlClassNames": "u_column"
                            }
                        }
                    },
                    {
                        "contents": [
                            {
                                "type": "image",
                                "values": {
                                    "containerPadding": "22px 10px 10px",
                                    "src": {
                                        "url": "https://sdemailmarketing.com/images/common/templates/messages/250/1/img/03.png",
                                        "width": 60,
                                        "height": 20
                                    },
                                    "textAlign": "center",
                                    "altText": "Image",
                                    "action": {
                                        "name": "web",
                                        "values": {
                                            "href": "",
                                            "target": "_blank"
                                        }
                                    },
                                    "_meta": {
                                        "htmlID": "u_content_image_2",
                                        "htmlClassNames": "u_content_image"
                                    },
                                    "selectable": true,
                                    "draggable": true,
                                    "duplicatable": true,
                                    "deletable": true,
                                    "hideable": true
                                }
                            }
                        ],
                        "values": {
                            "backgroundColor": "",
                            "padding": "0px",
                            "border": {},
                            "_meta": {
                                "htmlID": "u_column_3",
                                "htmlClassNames": "u_column"
                            }
                        }
                    },
                    {
                        "contents": [
                            {
                                "type": "image",
                                "values": {
                                    "containerPadding": "22px 10px 10px",
                                    "src": {
                                        "url": "https://sdemailmarketing.com/images/common/templates/messages/250/1/img/04.png",
                                        "width": 69,
                                        "height": 20
                                    },
                                    "textAlign": "center",
                                    "altText": "Image",
                                    "action": {
                                        "name": "web",
                                        "values": {
                                            "href": "",
                                            "target": "_blank"
                                        }
                                    },
                                    "_meta": {
                                        "htmlID": "u_content_image_3",
                                        "htmlClassNames": "u_content_image"
                                    },
                                    "selectable": true,
                                    "draggable": true,
                                    "duplicatable": true,
                                    "deletable": true,
                                    "hideable": true
                                }
                            }
                        ],
                        "values": {
                            "backgroundColor": "",
                            "padding": "0px",
                            "border": {},
                            "_meta": {
                                "htmlID": "u_column_4",
                                "htmlClassNames": "u_column"
                            }
                        }
                    }
                ],
                "values": {
                    "displayCondition": null,
                    "columns": false,
                    "backgroundColor": "",
                    "columnsBackgroundColor": "#ff0000",
                    "backgroundImage": {
                        "url": "https://sdemailmarketing.com/images/common/templates/messages/250/1/img/01.jpg",
                        "width": 106,
                        "height": 106,
                        "fullWidth": true,
                        "cover": false,
                        "repeat": false,
                        "center": true
                    },
                    "padding": "0px",
                    "hideDesktop": false,
                    "_meta": {
                        "htmlID": "u_row_1",
                        "htmlClassNames": "u_row"
                    },
                    "selectable": true,
                    "draggable": true,
                    "duplicatable": true,
                    "deletable": true,
                    "hideable": true
                }
            },
            {
                "cells": [
                    1
                ],
                "columns": [
                    {
                        "contents": [
                            {
                                "type": "text",
                                "values": {
                                    "containerPadding": "10px",
                                    "textAlign": "left",
                                    "lineHeight": "140%",
                                    "linkStyle": {
                                        "inherit": true,
                                        "linkColor": "#0000ee",
                                        "linkHoverColor": "#0000ee",
                                        "linkUnderline": true,
                                        "linkHoverUnderline": true
                                    },
                                    "_meta": {
                                        "htmlID": "u_content_text_2",
                                        "htmlClassNames": "u_content_text"
                                    },
                                    "selectable": true,
                                    "draggable": true,
                                    "duplicatable": true,
                                    "deletable": true,
                                    "hideable": true,
                                    "text": "<p style=\"font-size: 14px; line-height: 140%;\"><span style=\"color: #3f3e3e; font-size: 14px; line-height: 19.6px;\"><strong><span style=\"font-size: 40px; line-height: 56px;\">Unforgettable place to celebrate any occasion</span></strong></span></p>"
                                }
                            }
                        ],
                        "values": {
                            "backgroundColor": "",
                            "padding": "0px",
                            "border": {},
                            "_meta": {
                                "htmlID": "u_column_5",
                                "htmlClassNames": "u_column"
                            }
                        }
                    }
                ],
                "values": {
                    "displayCondition": null,
                    "columns": false,
                    "backgroundColor": "",
                    "columnsBackgroundColor": "",
                    "backgroundImage": {
                        "url": "",
                        "fullWidth": true,
                        "repeat": false,
                        "center": true,
                        "cover": false
                    },
                    "padding": "0px",
                    "_meta": {
                        "htmlID": "u_row_2",
                        "htmlClassNames": "u_row"
                    },
                    "selectable": true,
                    "draggable": true,
                    "duplicatable": true,
                    "deletable": true,
                    "hideable": true
                }
            },
            {
                "cells": [
                    1
                ],
                "columns": [
                    {
                        "contents": [
                            {
                                "type": "image",
                                "values": {
                                    "containerPadding": "10px",
                                    "src": {
                                        "url": "https://sdemailmarketing.com/images/common/templates/messages/250/1/img/05.jpg",
                                        "width": 599,
                                        "height": 409
                                    },
                                    "textAlign": "center",
                                    "altText": "Image",
                                    "action": {
                                        "name": "web",
                                        "values": {
                                            "href": "",
                                            "target": "_blank"
                                        }
                                    },
                                    "_meta": {
                                        "htmlID": "u_content_image_4",
                                        "htmlClassNames": "u_content_image"
                                    },
                                    "selectable": true,
                                    "draggable": true,
                                    "duplicatable": true,
                                    "deletable": true,
                                    "hideable": true
                                }
                            }
                        ],
                        "values": {
                            "backgroundColor": "",
                            "padding": "0px",
                            "border": {},
                            "_meta": {
                                "htmlID": "u_column_6",
                                "htmlClassNames": "u_column"
                            }
                        }
                    }
                ],
                "values": {
                    "displayCondition": null,
                    "columns": false,
                    "backgroundColor": "",
                    "columnsBackgroundColor": "",
                    "backgroundImage": {
                        "url": "",
                        "fullWidth": true,
                        "repeat": false,
                        "center": true,
                        "cover": false
                    },
                    "padding": "0px",
                    "_meta": {
                        "htmlID": "u_row_3",
                        "htmlClassNames": "u_row"
                    },
                    "selectable": true,
                    "draggable": true,
                    "duplicatable": true,
                    "deletable": true,
                    "hideable": true
                }
            },
            {
                "cells": [
                    38.8,
                    61.2
                ],
                "columns": [
                    {
                        "contents": [
                            {
                                "type": "text",
                                "values": {
                                    "containerPadding": "10px",
                                    "textAlign": "left",
                                    "lineHeight": "140%",
                                    "linkStyle": {
                                        "inherit": true,
                                        "linkColor": "#0000ee",
                                        "linkHoverColor": "#0000ee",
                                        "linkUnderline": true,
                                        "linkHoverUnderline": true
                                    },
                                    "_meta": {
                                        "htmlID": "u_content_text_3",
                                        "htmlClassNames": "u_content_text"
                                    },
                                    "selectable": true,
                                    "draggable": true,
                                    "duplicatable": true,
                                    "deletable": true,
                                    "hideable": true,
                                    "text": "<p style=\"font-size: 14px; line-height: 140%; text-align: center;\"><span style=\"color: #ffffff; font-size: 14px; line-height: 19.6px;\"><span style=\"font-size: 48px; line-height: 67.2px;\">$</span><span style=\"font-size: 72px; line-height: 100.8px;\">24</span><span style=\"font-size: 36px; line-height: 50.4px;\">,90</span></span></p>"
                                }
                            },
                            {
                                "type": "divider",
                                "values": {
                                    "width": "100%",
                                    "border": {
                                        "borderTopWidth": "1px",
                                        "borderTopStyle": "dotted",
                                        "borderTopColor": "#ffffff"
                                    },
                                    "textAlign": "center",
                                    "containerPadding": "10px",
                                    "_meta": {
                                        "htmlID": "u_content_divider_1",
                                        "htmlClassNames": "u_content_divider"
                                    },
                                    "selectable": true,
                                    "draggable": true,
                                    "duplicatable": true,
                                    "deletable": true,
                                    "hideable": true
                                }
                            },
                            {
                                "type": "text",
                                "values": {
                                    "containerPadding": "10px",
                                    "textAlign": "left",
                                    "lineHeight": "140%",
                                    "linkStyle": {
                                        "inherit": true,
                                        "linkColor": "#0000ee",
                                        "linkHoverColor": "#0000ee",
                                        "linkUnderline": true,
                                        "linkHoverUnderline": true
                                    },
                                    "_meta": {
                                        "htmlID": "u_content_text_4",
                                        "htmlClassNames": "u_content_text"
                                    },
                                    "selectable": true,
                                    "draggable": true,
                                    "duplicatable": true,
                                    "deletable": true,
                                    "hideable": true,
                                    "text": "<p style=\"font-size: 14px; line-height: 140%; text-align: center;\"><span style=\"color: #ffffff; font-size: 24px; line-height: 33.6px;\"><strong>12-24</strong> January</span></p>"
                                }
                            }
                        ],
                        "values": {
                            "backgroundColor": "#ff0000",
                            "padding": "0px",
                            "border": {},
                            "_meta": {
                                "htmlID": "u_column_7",
                                "htmlClassNames": "u_column"
                            }
                        }
                    },
                    {
                        "contents": [
                            {
                                "type": "text",
                                "values": {
                                    "containerPadding": "10px",
                                    "textAlign": "left",
                                    "lineHeight": "140%",
                                    "linkStyle": {
                                        "inherit": true,
                                        "linkColor": "#0000ee",
                                        "linkHoverColor": "#0000ee",
                                        "linkUnderline": true,
                                        "linkHoverUnderline": true
                                    },
                                    "_meta": {
                                        "htmlID": "u_content_text_6",
                                        "htmlClassNames": "u_content_text"
                                    },
                                    "selectable": true,
                                    "draggable": true,
                                    "duplicatable": true,
                                    "deletable": true,
                                    "hideable": true,
                                    "text": "<p style=\"font-size: 14px; line-height: 140%;\"><strong><span style=\"font-size: 18px; line-height: 25.2px; color: #3f3e3e;\">Scrumptious main course</span></strong></p>"
                                }
                            },
                            {
                                "type": "text",
                                "values": {
                                    "containerPadding": "10px",
                                    "textAlign": "left",
                                    "lineHeight": "140%",
                                    "linkStyle": {
                                        "inherit": true,
                                        "linkColor": "#0000ee",
                                        "linkHoverColor": "#0000ee",
                                        "linkUnderline": true,
                                        "linkHoverUnderline": true
                                    },
                                    "_meta": {
                                        "htmlID": "u_content_text_7",
                                        "htmlClassNames": "u_content_text"
                                    },
                                    "selectable": true,
                                    "draggable": true,
                                    "duplicatable": true,
                                    "deletable": true,
                                    "hideable": true,
                                    "text": "<p style=\"font-size: 14px; line-height: 140%;\"><span style=\"font-size: 16px; line-height: 22.4px; color: #3f3e3e;\">Tempt them with a signature entree they really crave. You can make every culinary wish come true!</span></p>\n<p style=\"font-size: 14px; line-height: 140%;\"><span style=\"font-size: 8px; line-height: 11.2px; color: #3f3e3e;\">---------------------------------------------------</span></p>\n<p dir=\"ltr\" style=\"font-size: 14px; line-height: 140%;\"><strong><span style=\"font-size: 14px; line-height: 19.6px; color: #ff0000;\">&nbsp;<span style=\"font-size: 14px; line-height: 19.6px;\">&nbsp; &nbsp; &nbsp;<span style=\"font-size: 14px; line-height: 19.6px;\">Book a table &raquo;</span></span></span></strong></p>\n<p style=\"font-size: 14px; line-height: 140%;\"><span style=\"font-size: 8px; line-height: 11.2px; color: #3f3e3e;\">---------------------------------------------------</span></p>"
                                }
                            }
                        ],
                        "values": {
                            "backgroundColor": "#ffffff",
                            "padding": "4px 4px 4px 15px",
                            "border": {},
                            "_meta": {
                                "htmlID": "u_column_8",
                                "htmlClassNames": "u_column"
                            }
                        }
                    }
                ],
                "values": {
                    "displayCondition": null,
                    "columns": false,
                    "backgroundColor": "",
                    "columnsBackgroundColor": "",
                    "backgroundImage": {
                        "url": "",
                        "fullWidth": true,
                        "repeat": false,
                        "center": true,
                        "cover": false
                    },
                    "padding": "0px",
                    "_meta": {
                        "htmlID": "u_row_4",
                        "htmlClassNames": "u_row"
                    },
                    "selectable": true,
                    "draggable": true,
                    "duplicatable": true,
                    "deletable": true,
                    "hideable": true
                }
            },
            {
                "cells": [
                    38.8,
                    61.2
                ],
                "columns": [
                    {
                        "contents": [
                            {
                                "type": "image",
                                "values": {
                                    "containerPadding": "0px",
                                    "src": {
                                        "url": "https://sdemailmarketing.com/images/common/templates/messages/250/1/img/06.jpg",
                                        "width": 240,
                                        "height": 305
                                    },
                                    "textAlign": "center",
                                    "altText": "Image",
                                    "action": {
                                        "name": "web",
                                        "values": {
                                            "href": "",
                                            "target": "_blank"
                                        }
                                    },
                                    "_meta": {
                                        "htmlID": "u_content_image_6",
                                        "htmlClassNames": "u_content_image"
                                    },
                                    "selectable": true,
                                    "draggable": true,
                                    "duplicatable": true,
                                    "deletable": true,
                                    "hideable": true
                                }
                            }
                        ],
                        "values": {
                            "backgroundColor": "#ff0000",
                            "padding": "0px",
                            "border": {},
                            "_meta": {
                                "htmlID": "u_column_9",
                                "htmlClassNames": "u_column"
                            }
                        }
                    },
                    {
                        "contents": [
                            {
                                "type": "text",
                                "values": {
                                    "containerPadding": "10px",
                                    "textAlign": "left",
                                    "lineHeight": "140%",
                                    "linkStyle": {
                                        "inherit": true,
                                        "linkColor": "#0000ee",
                                        "linkHoverColor": "#0000ee",
                                        "linkUnderline": true,
                                        "linkHoverUnderline": true
                                    },
                                    "_meta": {
                                        "htmlID": "u_content_text_10",
                                        "htmlClassNames": "u_content_text"
                                    },
                                    "selectable": true,
                                    "draggable": true,
                                    "duplicatable": true,
                                    "deletable": true,
                                    "hideable": true,
                                    "text": "<p style=\"font-size: 14px; line-height: 140%;\"><span style=\"font-size: 22px; line-height: 30.8px;\"><strong><span style=\"line-height: 30.8px; color: #3f3e3e; font-size: 22px;\">Mouth-watering special. Friday only!</span></strong></span></p>"
                                }
                            },
                            {
                                "type": "text",
                                "values": {
                                    "containerPadding": "10px",
                                    "textAlign": "left",
                                    "lineHeight": "140%",
                                    "linkStyle": {
                                        "inherit": true,
                                        "linkColor": "#0000ee",
                                        "linkHoverColor": "#0000ee",
                                        "linkUnderline": true,
                                        "linkHoverUnderline": true
                                    },
                                    "_meta": {
                                        "htmlID": "u_content_text_11",
                                        "htmlClassNames": "u_content_text"
                                    },
                                    "selectable": true,
                                    "draggable": true,
                                    "duplicatable": true,
                                    "deletable": true,
                                    "hideable": true,
                                    "text": "<p style=\"font-size: 14px; line-height: 140%;\"><span style=\"font-size: 16px; line-height: 22.4px; color: #3f3e3e;\">Dash over to our restaurant this Friday to discover our tasty menu at a deliciously low price. Book a table today and enjoy a fabulous dinner with your loved ones! Click the button below to book your table now.</span></p>\n<p style=\"font-size: 14px; line-height: 140%;\"><span style=\"font-size: 8px; line-height: 11.2px; color: #3f3e3e;\">---------------------------------------------------</span></p>\n<p dir=\"ltr\" style=\"font-size: 14px; line-height: 140%;\"><strong><span style=\"font-size: 14px; line-height: 19.6px; color: #ff0000;\">&nbsp;<span style=\"font-size: 14px; line-height: 19.6px;\">&nbsp; &nbsp; &nbsp;<span style=\"font-size: 14px; line-height: 19.6px;\">Book a table &raquo;</span></span></span></strong></p>\n<p style=\"font-size: 14px; line-height: 140%;\"><span style=\"font-size: 8px; line-height: 11.2px; color: #3f3e3e;\">---------------------------------------------------</span></p>"
                                }
                            }
                        ],
                        "values": {
                            "backgroundColor": "#ffffff",
                            "padding": "4px 4px 4px 15px",
                            "border": {},
                            "_meta": {
                                "htmlID": "u_column_10",
                                "htmlClassNames": "u_column"
                            }
                        }
                    }
                ],
                "values": {
                    "displayCondition": null,
                    "columns": false,
                    "backgroundColor": "",
                    "columnsBackgroundColor": "",
                    "backgroundImage": {
                        "url": "",
                        "fullWidth": true,
                        "repeat": false,
                        "center": true,
                        "cover": false
                    },
                    "padding": "0px",
                    "_meta": {
                        "htmlID": "u_row_5",
                        "htmlClassNames": "u_row"
                    },
                    "selectable": true,
                    "draggable": true,
                    "duplicatable": true,
                    "deletable": true,
                    "hideable": true
                }
            }
        ],
        "values": {
            "textColor": "#000000",
            "backgroundColor": "#e7e7e7",
            "backgroundImage": {
                "url": "",
                "fullWidth": true,
                "repeat": false,
                "center": true,
                "cover": false
            },
            "contentWidth": "500px",
            "contentAlign": "center",
            "fontFamily": {
                "label": "Arial",
                "value": "arial,helvetica,sans-serif"
            },
            "preheaderText": "",
            "linkStyle": {
                "body": true,
                "linkColor": "#0000ee",
                "linkHoverColor": "#0000ee",
                "linkUnderline": true,
                "linkHoverUnderline": true
            },
            "_meta": {
                "htmlID": "u_body",
                "htmlClassNames": "u_body"
            }
        }
    },
    "schemaVersion": 6
}