{
    "counters": {
        "u_column": 15,
        "u_row": 10,
        "u_content_image": 5,
        "u_content_text": 13,
        "u_content_divider": 4,
        "u_content_button": 6
    },
    "body": {
        "rows": [
            {
                "cells": [
                    1
                ],
                "columns": [
                    {
                        "contents": [
                            {
                                "type": "image",
                                "values": {
                                    "containerPadding": "0px",
                                    "src": {
                                        "url": "https://sdemailmarketing.com/images/common/templates/messages/354/1/img/02.png",
                                        "width": 600,
                                        "height": 452
                                    },
                                    "textAlign": "center",
                                    "altText": "Image",
                                    "action": {
                                        "name": "web",
                                        "values": {
                                            "href": "",
                                            "target": "_blank"
                                        }
                                    },
                                    "_meta": {
                                        "htmlID": "u_content_image_1",
                                        "htmlClassNames": "u_content_image"
                                    },
                                    "selectable": true,
                                    "draggable": true,
                                    "duplicatable": true,
                                    "deletable": true,
                                    "hideable": true
                                }
                            },
                            {
                                "type": "text",
                                "values": {
                                    "containerPadding": "10px",
                                    "textAlign": "left",
                                    "lineHeight": "140%",
                                    "linkStyle": {
                                        "inherit": true,
                                        "linkColor": "#0000ee",
                                        "linkHoverColor": "#0000ee",
                                        "linkUnderline": true,
                                        "linkHoverUnderline": true
                                    },
                                    "_meta": {
                                        "htmlID": "u_content_text_1",
                                        "htmlClassNames": "u_content_text"
                                    },
                                    "selectable": true,
                                    "draggable": true,
                                    "duplicatable": true,
                                    "deletable": true,
                                    "hideable": true,
                                    "text": "<p style=\"font-size: 14px; line-height: 140%; text-align: center;\"><span style=\"font-size: 30px; line-height: 42px; color: #ffffff;\">TIME TO GET IN SHAPE</span><br /><span style=\"font-size: 30px; line-height: 42px; color: #ffffff;\">FOR SUMMER BEACH SEASON!</span></p>"
                                }
                            }
                        ],
                        "values": {
                            "backgroundColor": "#0c4a7b",
                            "padding": "0px",
                            "border": {
                                "borderTopWidth": "0px",
                                "borderTopStyle": "solid",
                                "borderLeftWidth": "0px",
                                "borderLeftStyle": "solid",
                                "borderRightWidth": "0px",
                                "borderRightStyle": "solid",
                                "borderBottomWidth": "0px",
                                "borderBottomStyle": "solid"
                            },
                            "_meta": {
                                "htmlID": "u_column_2",
                                "htmlClassNames": "u_column"
                            }
                        }
                    }
                ],
                "values": {
                    "displayCondition": null,
                    "columns": false,
                    "backgroundColor": "",
                    "columnsBackgroundColor": "",
                    "backgroundImage": {
                        "url": "https://sdemailmarketing.com/images/common/templates/messages/354/1/img/01.jpg",
                        "width": 1,
                        "height": 492,
                        "fullWidth": true,
                        "cover": false,
                        "repeat": true,
                        "center": false
                    },
                    "padding": "0px",
                    "_meta": {
                        "htmlID": "u_row_2",
                        "htmlClassNames": "u_row"
                    },
                    "selectable": true,
                    "draggable": true,
                    "duplicatable": true,
                    "deletable": true,
                    "hideable": true
                }
            },
            {
                "cells": [
                    1
                ],
                "columns": [
                    {
                        "contents": [
                            {
                                "type": "text",
                                "values": {
                                    "containerPadding": "10px",
                                    "textAlign": "left",
                                    "lineHeight": "140%",
                                    "linkStyle": {
                                        "inherit": true,
                                        "linkColor": "#0000ee",
                                        "linkHoverColor": "#0000ee",
                                        "linkUnderline": true,
                                        "linkHoverUnderline": true
                                    },
                                    "_meta": {
                                        "htmlID": "u_content_text_2",
                                        "htmlClassNames": "u_content_text"
                                    },
                                    "selectable": true,
                                    "draggable": true,
                                    "duplicatable": true,
                                    "deletable": true,
                                    "hideable": true,
                                    "text": "<p style=\"font-size: 14px; line-height: 140%; text-align: center;\"><span style=\"font-size: 18px; line-height: 25.2px; color: #0c4a7b;\">It's easier than you think &mdash; sign up for one of our</span><br /><span style=\"font-size: 18px; line-height: 25.2px; color: #0c4a7b;\">fitness classes and grab a <span style=\"color: #ffffff; font-size: 18px; line-height: 25.2px; background-color: #d51c69;\">20% discount.</span></span></p>"
                                }
                            }
                        ],
                        "values": {
                            "backgroundColor": "#ffffff",
                            "padding": "0px",
                            "border": {},
                            "_meta": {
                                "htmlID": "u_column_4",
                                "htmlClassNames": "u_column"
                            }
                        }
                    }
                ],
                "values": {
                    "displayCondition": null,
                    "columns": false,
                    "backgroundColor": "#51def8",
                    "columnsBackgroundColor": "",
                    "backgroundImage": {
                        "url": "",
                        "fullWidth": true,
                        "repeat": false,
                        "center": true,
                        "cover": false
                    },
                    "padding": "0px",
                    "_meta": {
                        "htmlID": "u_row_4",
                        "htmlClassNames": "u_row"
                    },
                    "selectable": true,
                    "draggable": true,
                    "duplicatable": true,
                    "deletable": true,
                    "hideable": true
                }
            },
            {
                "cells": [
                    1,
                    1
                ],
                "columns": [
                    {
                        "contents": [
                            {
                                "type": "image",
                                "values": {
                                    "containerPadding": "10px",
                                    "src": {
                                        "url": "https://sdemailmarketing.com/images/common/templates/messages/354/1/img/03.gif",
                                        "width": 270,
                                        "height": 200
                                    },
                                    "textAlign": "center",
                                    "altText": "Image",
                                    "action": {
                                        "name": "web",
                                        "values": {
                                            "href": "",
                                            "target": "_blank"
                                        }
                                    },
                                    "_meta": {
                                        "htmlID": "u_content_image_2",
                                        "htmlClassNames": "u_content_image"
                                    },
                                    "selectable": true,
                                    "draggable": true,
                                    "duplicatable": true,
                                    "deletable": true,
                                    "hideable": true
                                }
                            },
                            {
                                "type": "text",
                                "values": {
                                    "containerPadding": "10px",
                                    "textAlign": "left",
                                    "lineHeight": "140%",
                                    "linkStyle": {
                                        "inherit": true,
                                        "linkColor": "#0000ee",
                                        "linkHoverColor": "#0000ee",
                                        "linkUnderline": true,
                                        "linkHoverUnderline": true
                                    },
                                    "_meta": {
                                        "htmlID": "u_content_text_9",
                                        "htmlClassNames": "u_content_text"
                                    },
                                    "selectable": true,
                                    "draggable": true,
                                    "duplicatable": true,
                                    "deletable": true,
                                    "hideable": true,
                                    "text": "<p style=\"font-size: 14px; line-height: 140%; text-align: center;\"><span style=\"color: #0c4a7b; font-size: 14px; line-height: 19.6px;\"><em><span style=\"font-size: 24px; line-height: 33.6px;\">Yoga</span></em></span></p>"
                                }
                            },
                            {
                                "type": "divider",
                                "values": {
                                    "width": "100%",
                                    "border": {
                                        "borderTopWidth": "3px",
                                        "borderTopStyle": "solid",
                                        "borderTopColor": "#0c4a7b"
                                    },
                                    "textAlign": "center",
                                    "containerPadding": "0px",
                                    "_meta": {
                                        "htmlID": "u_content_divider_3",
                                        "htmlClassNames": "u_content_divider"
                                    },
                                    "selectable": true,
                                    "draggable": true,
                                    "duplicatable": true,
                                    "deletable": true,
                                    "hideable": true
                                }
                            }
                        ],
                        "values": {
                            "backgroundColor": "#ffffff",
                            "padding": "0px",
                            "border": {},
                            "_meta": {
                                "htmlID": "u_column_5",
                                "htmlClassNames": "u_column"
                            }
                        }
                    },
                    {
                        "contents": [
                            {
                                "type": "image",
                                "values": {
                                    "containerPadding": "10px",
                                    "src": {
                                        "url": "https://sdemailmarketing.com/images/common/templates/messages/354/1/img/04.gif",
                                        "width": 270,
                                        "height": 200
                                    },
                                    "textAlign": "center",
                                    "altText": "Image",
                                    "action": {
                                        "name": "web",
                                        "values": {
                                            "href": "",
                                            "target": "_blank"
                                        }
                                    },
                                    "_meta": {
                                        "htmlID": "u_content_image_3",
                                        "htmlClassNames": "u_content_image"
                                    },
                                    "selectable": true,
                                    "draggable": true,
                                    "duplicatable": true,
                                    "deletable": true,
                                    "hideable": true
                                }
                            },
                            {
                                "type": "text",
                                "values": {
                                    "containerPadding": "10px",
                                    "textAlign": "left",
                                    "lineHeight": "140%",
                                    "linkStyle": {
                                        "inherit": true,
                                        "linkColor": "#0000ee",
                                        "linkHoverColor": "#0000ee",
                                        "linkUnderline": true,
                                        "linkHoverUnderline": true
                                    },
                                    "_meta": {
                                        "htmlID": "u_content_text_10",
                                        "htmlClassNames": "u_content_text"
                                    },
                                    "selectable": true,
                                    "draggable": true,
                                    "duplicatable": true,
                                    "deletable": true,
                                    "hideable": true,
                                    "text": "<p style=\"font-size: 14px; line-height: 140%; text-align: center;\"><span style=\"color: #0c4a7b; font-size: 14px; line-height: 19.6px;\"><em><span style=\"font-size: 24px; line-height: 33.6px;\">Fitness</span></em></span></p>"
                                }
                            },
                            {
                                "type": "divider",
                                "values": {
                                    "width": "100%",
                                    "border": {
                                        "borderTopWidth": "3px",
                                        "borderTopStyle": "solid",
                                        "borderTopColor": "#0c4a7b"
                                    },
                                    "textAlign": "center",
                                    "containerPadding": "0px",
                                    "_meta": {
                                        "htmlID": "u_content_divider_1",
                                        "htmlClassNames": "u_content_divider"
                                    },
                                    "selectable": true,
                                    "draggable": true,
                                    "duplicatable": true,
                                    "deletable": true,
                                    "hideable": true
                                }
                            }
                        ],
                        "values": {
                            "backgroundColor": "#ffffff",
                            "padding": "0px",
                            "border": {},
                            "_meta": {
                                "htmlID": "u_column_6",
                                "htmlClassNames": "u_column"
                            }
                        }
                    }
                ],
                "values": {
                    "displayCondition": null,
                    "columns": false,
                    "backgroundColor": "#51def8",
                    "columnsBackgroundColor": "",
                    "backgroundImage": {
                        "url": "",
                        "fullWidth": true,
                        "repeat": false,
                        "center": true,
                        "cover": false
                    },
                    "padding": "0px",
                    "_meta": {
                        "htmlID": "u_row_5",
                        "htmlClassNames": "u_row"
                    },
                    "selectable": true,
                    "draggable": true,
                    "duplicatable": true,
                    "deletable": true,
                    "hideable": true
                }
            },
            {
                "cells": [
                    1,
                    1
                ],
                "columns": [
                    {
                        "contents": [
                            {
                                "type": "text",
                                "values": {
                                    "containerPadding": "10px",
                                    "textAlign": "left",
                                    "lineHeight": "140%",
                                    "linkStyle": {
                                        "inherit": true,
                                        "linkColor": "#0000ee",
                                        "linkHoverColor": "#0000ee",
                                        "linkUnderline": true,
                                        "linkHoverUnderline": true
                                    },
                                    "_meta": {
                                        "htmlID": "u_content_text_11",
                                        "htmlClassNames": "u_content_text"
                                    },
                                    "selectable": true,
                                    "draggable": true,
                                    "duplicatable": true,
                                    "deletable": true,
                                    "hideable": true,
                                    "text": "<p style=\"font-size: 14px; line-height: 140%; text-align: center;\"><span style=\"font-size: 14px; line-height: 19.6px; color: #0c4a7b;\"><em>Bend, stretch and let your body breathe. Perfect for morning wakeup.</em></span></p>"
                                }
                            },
                            {
                                "type": "button",
                                "values": {
                                    "containerPadding": "10px",
                                    "href": {
                                        "name": "web",
                                        "values": {
                                            "href": "",
                                            "target": "_blank"
                                        }
                                    },
                                    "buttonColors": {
                                        "color": "#FFFFFF",
                                        "backgroundColor": "#d51c69",
                                        "hoverColor": "#FFFFFF",
                                        "hoverBackgroundColor": "#3AAEE0"
                                    },
                                    "size": {
                                        "autoWidth": true,
                                        "width": "100%"
                                    },
                                    "textAlign": "center",
                                    "lineHeight": "120%",
                                    "padding": "10px 40px",
                                    "border": {},
                                    "borderRadius": "35px",
                                    "_meta": {
                                        "htmlID": "u_content_button_5",
                                        "htmlClassNames": "u_content_button"
                                    },
                                    "selectable": true,
                                    "draggable": true,
                                    "duplicatable": true,
                                    "deletable": true,
                                    "hideable": true,
                                    "text": "<span style=\"font-size: 24px; line-height: 28.8px;\"><em>Sign up</em></span>",
                                    "calculatedWidth": 162,
                                    "calculatedHeight": 48
                                }
                            }
                        ],
                        "values": {
                            "backgroundColor": "#ffffff",
                            "padding": "0px",
                            "border": {},
                            "_meta": {
                                "htmlID": "u_column_11",
                                "htmlClassNames": "u_column"
                            }
                        }
                    },
                    {
                        "contents": [
                            {
                                "type": "text",
                                "values": {
                                    "containerPadding": "10px",
                                    "textAlign": "left",
                                    "lineHeight": "140%",
                                    "linkStyle": {
                                        "inherit": true,
                                        "linkColor": "#0000ee",
                                        "linkHoverColor": "#0000ee",
                                        "linkUnderline": true,
                                        "linkHoverUnderline": true
                                    },
                                    "_meta": {
                                        "htmlID": "u_content_text_12",
                                        "htmlClassNames": "u_content_text"
                                    },
                                    "selectable": true,
                                    "draggable": true,
                                    "duplicatable": true,
                                    "deletable": true,
                                    "hideable": true,
                                    "text": "<p style=\"font-size: 14px; line-height: 140%; text-align: center;\"><span style=\"font-size: 14px; line-height: 19.6px; color: #0c4a7b;\"><em>Energetic mixture of aerobics, Latin dance and boxing &mdash; for smooth moves and a good mood.</em></span></p>"
                                }
                            },
                            {
                                "type": "button",
                                "values": {
                                    "containerPadding": "10px",
                                    "href": {
                                        "name": "web",
                                        "values": {
                                            "href": "",
                                            "target": "_blank"
                                        }
                                    },
                                    "buttonColors": {
                                        "color": "#FFFFFF",
                                        "backgroundColor": "#d51c69",
                                        "hoverColor": "#FFFFFF",
                                        "hoverBackgroundColor": "#3AAEE0"
                                    },
                                    "size": {
                                        "autoWidth": true,
                                        "width": "100%"
                                    },
                                    "textAlign": "center",
                                    "lineHeight": "120%",
                                    "padding": "10px 40px",
                                    "border": {},
                                    "borderRadius": "35px",
                                    "_meta": {
                                        "htmlID": "u_content_button_6",
                                        "htmlClassNames": "u_content_button"
                                    },
                                    "selectable": true,
                                    "draggable": true,
                                    "duplicatable": true,
                                    "deletable": true,
                                    "hideable": true,
                                    "text": "<span style=\"font-size: 24px; line-height: 28.8px;\"><em>Sign up</em></span>",
                                    "calculatedWidth": 162,
                                    "calculatedHeight": 48
                                }
                            }
                        ],
                        "values": {
                            "backgroundColor": "#ffffff",
                            "padding": "0px",
                            "border": {},
                            "_meta": {
                                "htmlID": "u_column_12",
                                "htmlClassNames": "u_column"
                            }
                        }
                    }
                ],
                "values": {
                    "displayCondition": null,
                    "columns": false,
                    "backgroundColor": "#51def8",
                    "columnsBackgroundColor": "",
                    "backgroundImage": {
                        "url": "",
                        "fullWidth": true,
                        "repeat": false,
                        "center": true,
                        "cover": false
                    },
                    "padding": "0px",
                    "_meta": {
                        "htmlID": "u_row_8",
                        "htmlClassNames": "u_row"
                    },
                    "selectable": true,
                    "draggable": true,
                    "duplicatable": true,
                    "deletable": true,
                    "hideable": true
                }
            },
            {
                "cells": [
                    1,
                    1
                ],
                "columns": [
                    {
                        "contents": [
                            {
                                "type": "image",
                                "values": {
                                    "containerPadding": "10px",
                                    "src": {
                                        "url": "https://sdemailmarketing.com/images/common/templates/messages/354/1/img/05.gif",
                                        "width": 270,
                                        "height": 200
                                    },
                                    "textAlign": "center",
                                    "altText": "Image",
                                    "action": {
                                        "name": "web",
                                        "values": {
                                            "href": "",
                                            "target": "_blank"
                                        }
                                    },
                                    "_meta": {
                                        "htmlID": "u_content_image_4",
                                        "htmlClassNames": "u_content_image"
                                    },
                                    "selectable": true,
                                    "draggable": true,
                                    "duplicatable": true,
                                    "deletable": true,
                                    "hideable": true
                                }
                            },
                            {
                                "type": "text",
                                "values": {
                                    "containerPadding": "10px",
                                    "textAlign": "left",
                                    "lineHeight": "140%",
                                    "linkStyle": {
                                        "inherit": true,
                                        "linkColor": "#0000ee",
                                        "linkHoverColor": "#0000ee",
                                        "linkUnderline": true,
                                        "linkHoverUnderline": true
                                    },
                                    "_meta": {
                                        "htmlID": "u_content_text_4",
                                        "htmlClassNames": "u_content_text"
                                    },
                                    "selectable": true,
                                    "draggable": true,
                                    "duplicatable": true,
                                    "deletable": true,
                                    "hideable": true,
                                    "text": "<p style=\"font-size: 14px; line-height: 140%; text-align: center;\"><span style=\"color: #0c4a7b; font-size: 14px; line-height: 19.6px;\"><em><span style=\"font-size: 24px; line-height: 33.6px;\">Nordic Walking</span></em></span></p>"
                                }
                            }
                        ],
                        "values": {
                            "backgroundColor": "#ffffff",
                            "padding": "0px",
                            "border": {},
                            "_meta": {
                                "htmlID": "u_column_9",
                                "htmlClassNames": "u_column"
                            }
                        }
                    },
                    {
                        "contents": [
                            {
                                "type": "image",
                                "values": {
                                    "containerPadding": "10px 10px 8px",
                                    "src": {
                                        "url": "https://sdemailmarketing.com/images/common/templates/messages/354/1/img/06.gif",
                                        "width": 270,
                                        "height": 200
                                    },
                                    "textAlign": "center",
                                    "altText": "Image",
                                    "action": {
                                        "name": "web",
                                        "values": {
                                            "href": "",
                                            "target": "_blank"
                                        }
                                    },
                                    "_meta": {
                                        "htmlID": "u_content_image_5",
                                        "htmlClassNames": "u_content_image"
                                    },
                                    "selectable": true,
                                    "draggable": true,
                                    "duplicatable": true,
                                    "deletable": true,
                                    "hideable": true
                                }
                            },
                            {
                                "type": "text",
                                "values": {
                                    "containerPadding": "10px 10px 16px",
                                    "textAlign": "left",
                                    "lineHeight": "140%",
                                    "linkStyle": {
                                        "inherit": true,
                                        "linkColor": "#0000ee",
                                        "linkHoverColor": "#0000ee",
                                        "linkUnderline": true,
                                        "linkHoverUnderline": true
                                    },
                                    "_meta": {
                                        "htmlID": "u_content_text_3",
                                        "htmlClassNames": "u_content_text"
                                    },
                                    "selectable": true,
                                    "draggable": true,
                                    "duplicatable": true,
                                    "deletable": true,
                                    "hideable": true,
                                    "text": "<p style=\"font-size: 14px; line-height: 140%; text-align: center;\"><span style=\"color: #0c4a7b; font-size: 22px; line-height: 30.8px;\"><em><span style=\"line-height: 30.8px; font-size: 22px;\">Gym Workout Sessions</span></em></span></p>"
                                }
                            }
                        ],
                        "values": {
                            "backgroundColor": "#ffffff",
                            "padding": "0px",
                            "border": {},
                            "_meta": {
                                "htmlID": "u_column_10",
                                "htmlClassNames": "u_column"
                            }
                        }
                    }
                ],
                "values": {
                    "displayCondition": null,
                    "columns": false,
                    "backgroundColor": "#51def8",
                    "columnsBackgroundColor": "",
                    "backgroundImage": {
                        "url": "",
                        "fullWidth": true,
                        "repeat": false,
                        "center": true,
                        "cover": false
                    },
                    "padding": "0px",
                    "_meta": {
                        "htmlID": "u_row_7",
                        "htmlClassNames": "u_row"
                    },
                    "selectable": true,
                    "draggable": true,
                    "duplicatable": true,
                    "deletable": true,
                    "hideable": true
                }
            },
            {
                "cells": [
                    1,
                    1
                ],
                "columns": [
                    {
                        "contents": [
                            {
                                "type": "divider",
                                "values": {
                                    "width": "100%",
                                    "border": {
                                        "borderTopWidth": "3px",
                                        "borderTopStyle": "solid",
                                        "borderTopColor": "#0c4a7b"
                                    },
                                    "textAlign": "center",
                                    "containerPadding": "0px",
                                    "_meta": {
                                        "htmlID": "u_content_divider_4",
                                        "htmlClassNames": "u_content_divider"
                                    },
                                    "selectable": true,
                                    "draggable": true,
                                    "duplicatable": true,
                                    "deletable": true,
                                    "hideable": true
                                }
                            }
                        ],
                        "values": {
                            "backgroundColor": "",
                            "padding": "0px",
                            "border": {},
                            "_meta": {
                                "htmlID": "u_column_13",
                                "htmlClassNames": "u_column"
                            }
                        }
                    },
                    {
                        "contents": [
                            {
                                "type": "divider",
                                "values": {
                                    "width": "100%",
                                    "border": {
                                        "borderTopWidth": "3px",
                                        "borderTopStyle": "solid",
                                        "borderTopColor": "#0c4a7b"
                                    },
                                    "textAlign": "center",
                                    "containerPadding": "0px",
                                    "_meta": {
                                        "htmlID": "u_content_divider_2",
                                        "htmlClassNames": "u_content_divider"
                                    },
                                    "selectable": true,
                                    "draggable": true,
                                    "duplicatable": true,
                                    "deletable": true,
                                    "hideable": true
                                }
                            }
                        ],
                        "values": {
                            "backgroundColor": "",
                            "padding": "0px",
                            "border": {},
                            "_meta": {
                                "htmlID": "u_column_14",
                                "htmlClassNames": "u_column"
                            }
                        }
                    }
                ],
                "values": {
                    "displayCondition": null,
                    "columns": false,
                    "backgroundColor": "#51def8",
                    "columnsBackgroundColor": "",
                    "backgroundImage": {
                        "url": "",
                        "fullWidth": true,
                        "repeat": false,
                        "center": true,
                        "cover": false
                    },
                    "padding": "0px",
                    "_meta": {
                        "htmlID": "u_row_9",
                        "htmlClassNames": "u_row"
                    },
                    "selectable": true,
                    "draggable": true,
                    "duplicatable": true,
                    "deletable": true,
                    "hideable": true
                }
            },
            {
                "cells": [
                    1,
                    1
                ],
                "columns": [
                    {
                        "contents": [
                            {
                                "type": "text",
                                "values": {
                                    "containerPadding": "10px 5px",
                                    "textAlign": "left",
                                    "lineHeight": "140%",
                                    "linkStyle": {
                                        "inherit": true,
                                        "linkColor": "#0000ee",
                                        "linkHoverColor": "#0000ee",
                                        "linkUnderline": true,
                                        "linkHoverUnderline": true
                                    },
                                    "_meta": {
                                        "htmlID": "u_content_text_6",
                                        "htmlClassNames": "u_content_text"
                                    },
                                    "selectable": true,
                                    "draggable": true,
                                    "duplicatable": true,
                                    "deletable": true,
                                    "hideable": true,
                                    "text": "<p style=\"font-size: 14px; line-height: 140%; text-align: center;\"><span style=\"font-size: 14px; line-height: 19.6px; color: #0c4a7b;\"><em>Outdoor sessions with a professional trainer. Breathe some fresh air, meet new people, and get fit!</em></span></p>"
                                }
                            },
                            {
                                "type": "button",
                                "values": {
                                    "containerPadding": "10px",
                                    "href": {
                                        "name": "web",
                                        "values": {
                                            "href": "",
                                            "target": "_blank"
                                        }
                                    },
                                    "buttonColors": {
                                        "color": "#FFFFFF",
                                        "backgroundColor": "#d51c69",
                                        "hoverColor": "#FFFFFF",
                                        "hoverBackgroundColor": "#3AAEE0"
                                    },
                                    "size": {
                                        "autoWidth": true,
                                        "width": "100%"
                                    },
                                    "textAlign": "center",
                                    "lineHeight": "120%",
                                    "padding": "10px 40px",
                                    "border": {},
                                    "borderRadius": "35px",
                                    "_meta": {
                                        "htmlID": "u_content_button_2",
                                        "htmlClassNames": "u_content_button"
                                    },
                                    "selectable": true,
                                    "draggable": true,
                                    "duplicatable": true,
                                    "deletable": true,
                                    "hideable": true,
                                    "text": "<span style=\"font-size: 24px; line-height: 28.8px;\"><em>Sign up</em></span>",
                                    "calculatedWidth": 162,
                                    "calculatedHeight": 48
                                }
                            }
                        ],
                        "values": {
                            "backgroundColor": "#ffffff",
                            "padding": "0px",
                            "border": {},
                            "_meta": {
                                "htmlID": "u_column_7",
                                "htmlClassNames": "u_column"
                            }
                        }
                    },
                    {
                        "contents": [
                            {
                                "type": "text",
                                "values": {
                                    "containerPadding": "10px 5px",
                                    "textAlign": "left",
                                    "lineHeight": "140%",
                                    "linkStyle": {
                                        "inherit": true,
                                        "linkColor": "#0000ee",
                                        "linkHoverColor": "#0000ee",
                                        "linkUnderline": true,
                                        "linkHoverUnderline": true
                                    },
                                    "_meta": {
                                        "htmlID": "u_content_text_5",
                                        "htmlClassNames": "u_content_text"
                                    },
                                    "selectable": true,
                                    "draggable": true,
                                    "duplicatable": true,
                                    "deletable": true,
                                    "hideable": true,
                                    "text": "<p style=\"font-size: 14px; line-height: 140%; text-align: center;\"><span style=\"font-size: 14px; line-height: 19.6px; color: #0c4a7b;\"><em>Our experienced personal trainers help you pick the right exercises to create a perfect workout for your body.</em></span></p>"
                                }
                            },
                            {
                                "type": "button",
                                "values": {
                                    "containerPadding": "10px",
                                    "href": {
                                        "name": "web",
                                        "values": {
                                            "href": "",
                                            "target": "_blank"
                                        }
                                    },
                                    "buttonColors": {
                                        "color": "#FFFFFF",
                                        "backgroundColor": "#d51c69",
                                        "hoverColor": "#FFFFFF",
                                        "hoverBackgroundColor": "#3AAEE0"
                                    },
                                    "size": {
                                        "autoWidth": true,
                                        "width": "100%"
                                    },
                                    "textAlign": "center",
                                    "lineHeight": "120%",
                                    "padding": "10px 40px",
                                    "border": {},
                                    "borderRadius": "35px",
                                    "_meta": {
                                        "htmlID": "u_content_button_1",
                                        "htmlClassNames": "u_content_button"
                                    },
                                    "selectable": true,
                                    "draggable": true,
                                    "duplicatable": true,
                                    "deletable": true,
                                    "hideable": true,
                                    "text": "<span style=\"font-size: 24px; line-height: 28.8px;\"><em>Sign up</em></span>",
                                    "calculatedWidth": 162,
                                    "calculatedHeight": 48
                                }
                            }
                        ],
                        "values": {
                            "backgroundColor": "#ffffff",
                            "padding": "0px",
                            "border": {},
                            "_meta": {
                                "htmlID": "u_column_8",
                                "htmlClassNames": "u_column"
                            }
                        }
                    }
                ],
                "values": {
                    "displayCondition": null,
                    "columns": false,
                    "backgroundColor": "#51def8",
                    "columnsBackgroundColor": "",
                    "backgroundImage": {
                        "url": "",
                        "fullWidth": true,
                        "repeat": false,
                        "center": true,
                        "cover": false
                    },
                    "padding": "0px",
                    "_meta": {
                        "htmlID": "u_row_6",
                        "htmlClassNames": "u_row"
                    },
                    "selectable": true,
                    "draggable": true,
                    "duplicatable": true,
                    "deletable": true,
                    "hideable": true
                }
            },
            {
                "cells": [
                    1
                ],
                "columns": [
                    {
                        "contents": [
                            {
                                "type": "text",
                                "values": {
                                    "containerPadding": "30px 0px",
                                    "textAlign": "left",
                                    "lineHeight": "140%",
                                    "linkStyle": {
                                        "inherit": true,
                                        "linkColor": "#0000ee",
                                        "linkHoverColor": "#0000ee",
                                        "linkUnderline": true,
                                        "linkHoverUnderline": true
                                    },
                                    "_meta": {
                                        "htmlID": "u_content_text_13",
                                        "htmlClassNames": "u_content_text"
                                    },
                                    "selectable": true,
                                    "draggable": true,
                                    "duplicatable": true,
                                    "deletable": true,
                                    "hideable": true,
                                    "text": "<p style=\"font-size: 14px; line-height: 140%; text-align: center;\"><span style=\"font-size: 24px; line-height: 33.6px; color: #ffffff;\">SPRING IS A PERFECT TIME TO START</span><br /><span style=\"font-size: 24px; line-height: 33.6px; color: #ffffff;\">so you get results you can enjoy this summer!</span></p>"
                                }
                            }
                        ],
                        "values": {
                            "backgroundColor": "#23bdd9",
                            "padding": "0px",
                            "border": {},
                            "_meta": {
                                "htmlID": "u_column_15",
                                "htmlClassNames": "u_column"
                            }
                        }
                    }
                ],
                "values": {
                    "displayCondition": null,
                    "columns": false,
                    "backgroundColor": "#51def8",
                    "columnsBackgroundColor": "",
                    "backgroundImage": {
                        "url": "",
                        "fullWidth": true,
                        "repeat": false,
                        "center": true,
                        "cover": false
                    },
                    "padding": "0px",
                    "_meta": {
                        "htmlID": "u_row_10",
                        "htmlClassNames": "u_row"
                    },
                    "selectable": true,
                    "draggable": true,
                    "duplicatable": true,
                    "deletable": true,
                    "hideable": true
                }
            }
        ],
        "values": {
            "textColor": "#000000",
            "backgroundColor": "#e7e7e7",
            "backgroundImage": {
                "url": "",
                "fullWidth": true,
                "repeat": false,
                "center": true,
                "cover": false
            },
            "contentWidth": "500px",
            "contentAlign": "center",
            "fontFamily": {
                "label": "Arial",
                "value": "arial,helvetica,sans-serif"
            },
            "preheaderText": "",
            "linkStyle": {
                "body": true,
                "linkColor": "#0000ee",
                "linkHoverColor": "#0000ee",
                "linkUnderline": true,
                "linkHoverUnderline": true
            },
            "_meta": {
                "htmlID": "u_body",
                "htmlClassNames": "u_body"
            }
        }
    },
    "schemaVersion": 6
}