{
    "counters": {
        "u_column": 4,
        "u_row": 4,
        "u_content_image": 5,
        "u_content_text": 9,
        "u_content_button": 1
    },
    "body": {
        "rows": [
            {
                "cells": [
                    1
                ],
                "columns": [
                    {
                        "contents": [
                            {
                                "type": "image",
                                "values": {
                                    "containerPadding": "60px 10px 10px",
                                    "src": {
                                        "url": "https://sdemailmarketing.com/images/common/templates/messages/581/1/img/581_02.png",
                                        "width": 122,
                                        "height": 40
                                    },
                                    "textAlign": "center",
                                    "altText": "Image",
                                    "action": {
                                        "name": "web",
                                        "values": {
                                            "href": "",
                                            "target": "_blank"
                                        }
                                    },
                                    "_meta": {
                                        "htmlID": "u_content_image_2",
                                        "htmlClassNames": "u_content_image"
                                    },
                                    "selectable": true,
                                    "draggable": true,
                                    "duplicatable": true,
                                    "deletable": true,
                                    "hideable": true
                                }
                            },
                            {
                                "type": "image",
                                "values": {
                                    "containerPadding": "10px",
                                    "src": {
                                        "url": "https://sdemailmarketing.com/images/common/templates/messages/581/1/img/581_03.png",
                                        "width": 388,
                                        "height": 215
                                    },
                                    "textAlign": "center",
                                    "altText": "Image",
                                    "action": {
                                        "name": "web",
                                        "values": {
                                            "href": "",
                                            "target": "_blank"
                                        }
                                    },
                                    "_meta": {
                                        "htmlID": "u_content_image_1",
                                        "htmlClassNames": "u_content_image"
                                    },
                                    "selectable": true,
                                    "draggable": true,
                                    "duplicatable": true,
                                    "deletable": true,
                                    "hideable": true
                                }
                            },
                            {
                                "type": "text",
                                "values": {
                                    "containerPadding": "10px 10px 50px",
                                    "textAlign": "left",
                                    "lineHeight": "140%",
                                    "linkStyle": {
                                        "inherit": true,
                                        "linkColor": "#0000ee",
                                        "linkHoverColor": "#0000ee",
                                        "linkUnderline": true,
                                        "linkHoverUnderline": true
                                    },
                                    "_meta": {
                                        "htmlID": "u_content_text_1",
                                        "htmlClassNames": "u_content_text"
                                    },
                                    "selectable": true,
                                    "draggable": true,
                                    "duplicatable": true,
                                    "deletable": true,
                                    "hideable": true,
                                    "text": "<p style=\"font-size: 14px; line-height: 140%; text-align: center;\">&nbsp;</p>\n<p style=\"font-size: 14px; line-height: 140%; text-align: center;\"><span style=\"color: #ff8e2a; font-family: Arial, sans-serif; font-size: 18px; font-weight: bold; text-align: -webkit-center; line-height: 25.2px;\">PLAN THE ADVENTURE</span><br style=\"color: #ff8e2a; font-family: Arial, sans-serif; font-size: 18px; font-weight: bold; text-align: -webkit-center;\" /><span style=\"color: #ff8e2a; font-family: Arial, sans-serif; font-size: 18px; font-weight: bold; text-align: -webkit-center; line-height: 25.2px;\">OF A LIFETIME.</span></p>\n<p style=\"font-size: 14px; line-height: 140%; text-align: center;\">&nbsp;</p>"
                                }
                            },
                            {
                                "type": "text",
                                "values": {
                                    "containerPadding": "35px 35px 25px",
                                    "textAlign": "left",
                                    "lineHeight": "140%",
                                    "linkStyle": {
                                        "inherit": true,
                                        "linkColor": "#0000ee",
                                        "linkHoverColor": "#0000ee",
                                        "linkUnderline": true,
                                        "linkHoverUnderline": true
                                    },
                                    "_meta": {
                                        "htmlID": "u_content_text_3",
                                        "htmlClassNames": "u_content_text"
                                    },
                                    "selectable": true,
                                    "draggable": true,
                                    "duplicatable": true,
                                    "deletable": true,
                                    "hideable": true,
                                    "text": "<p style=\"font-size: 14px; line-height: 140%; text-align: left;\"><span style=\"font-size: 16px; line-height: 22.4px; color: #ffffff;\">Have you always wanted to learn how to surf, but were afraid to try?</span></p>"
                                }
                            },
                            {
                                "type": "text",
                                "values": {
                                    "containerPadding": "0px 35px 50px",
                                    "textAlign": "left",
                                    "lineHeight": "140%",
                                    "linkStyle": {
                                        "inherit": true,
                                        "linkColor": "#0000ee",
                                        "linkHoverColor": "#0000ee",
                                        "linkUnderline": true,
                                        "linkHoverUnderline": true
                                    },
                                    "_meta": {
                                        "htmlID": "u_content_text_4",
                                        "htmlClassNames": "u_content_text"
                                    },
                                    "selectable": true,
                                    "draggable": true,
                                    "duplicatable": true,
                                    "deletable": true,
                                    "hideable": true,
                                    "text": "<p style=\"font-size: 14px; line-height: 140%; text-align: left;\"><span style=\"color: #ffffff; font-size: 16px; line-height: 22.4px;\">No worries. Our team of professional surf instructors will take good care of you and your friends.</span></p>"
                                }
                            },
                            {
                                "type": "text",
                                "values": {
                                    "containerPadding": "10px",
                                    "textAlign": "left",
                                    "lineHeight": "140%",
                                    "linkStyle": {
                                        "inherit": true,
                                        "linkColor": "#0000ee",
                                        "linkHoverColor": "#0000ee",
                                        "linkUnderline": true,
                                        "linkHoverUnderline": true
                                    },
                                    "_meta": {
                                        "htmlID": "u_content_text_5",
                                        "htmlClassNames": "u_content_text"
                                    },
                                    "selectable": true,
                                    "draggable": true,
                                    "duplicatable": true,
                                    "deletable": true,
                                    "hideable": true,
                                    "text": "<p style=\"font-size: 14px; line-height: 140%; text-align: center;\"><strong><span style=\"font-size: 22px; line-height: 30.8px; color: #ff8e2a;\">HERE'S WHAT WE OFFER:</span></strong></p>"
                                }
                            },
                            {
                                "type": "image",
                                "values": {
                                    "containerPadding": "10px",
                                    "src": {
                                        "url": "https://sdemailmarketing.com/images/common/templates/messages/581/1/img/581_04.png",
                                        "width": 73,
                                        "height": 72,
                                        "autoWidth": true,
                                        "maxWidth": "15.21%"
                                    },
                                    "textAlign": "center",
                                    "altText": "Image",
                                    "action": {
                                        "name": "web",
                                        "values": {
                                            "href": "",
                                            "target": "_blank"
                                        }
                                    },
                                    "_meta": {
                                        "htmlID": "u_content_image_4",
                                        "htmlClassNames": "u_content_image"
                                    },
                                    "selectable": true,
                                    "draggable": true,
                                    "duplicatable": true,
                                    "deletable": true,
                                    "hideable": true
                                }
                            },
                            {
                                "type": "text",
                                "values": {
                                    "containerPadding": "10px",
                                    "textAlign": "left",
                                    "lineHeight": "140%",
                                    "linkStyle": {
                                        "inherit": true,
                                        "linkColor": "#0000ee",
                                        "linkHoverColor": "#0000ee",
                                        "linkUnderline": true,
                                        "linkHoverUnderline": true
                                    },
                                    "_meta": {
                                        "htmlID": "u_content_text_7",
                                        "htmlClassNames": "u_content_text"
                                    },
                                    "selectable": true,
                                    "draggable": true,
                                    "duplicatable": true,
                                    "deletable": true,
                                    "hideable": true,
                                    "text": "<p style=\"font-size: 14px; line-height: 140%;\"><strong><span style=\"color: #ffffff; font-size: 14px; line-height: 19.6px;\">3-day or 7-day individual surf course, including equipment and beach house accommodations</span></strong></p>"
                                }
                            },
                            {
                                "type": "image",
                                "values": {
                                    "containerPadding": "10px",
                                    "src": {
                                        "url": "https://sdemailmarketing.com/images/common/templates/messages/581/1/img/581_05.png",
                                        "width": 63,
                                        "height": 63,
                                        "autoWidth": true,
                                        "maxWidth": "15.21%"
                                    },
                                    "textAlign": "center",
                                    "altText": "Image",
                                    "action": {
                                        "name": "web",
                                        "values": {
                                            "href": "",
                                            "target": "_blank"
                                        }
                                    },
                                    "_meta": {
                                        "htmlID": "u_content_image_5",
                                        "htmlClassNames": "u_content_image"
                                    },
                                    "selectable": true,
                                    "draggable": true,
                                    "duplicatable": true,
                                    "deletable": true,
                                    "hideable": true
                                }
                            },
                            {
                                "type": "text",
                                "values": {
                                    "containerPadding": "10px",
                                    "textAlign": "left",
                                    "lineHeight": "140%",
                                    "linkStyle": {
                                        "inherit": true,
                                        "linkColor": "#0000ee",
                                        "linkHoverColor": "#0000ee",
                                        "linkUnderline": true,
                                        "linkHoverUnderline": true
                                    },
                                    "_meta": {
                                        "htmlID": "u_content_text_8",
                                        "htmlClassNames": "u_content_text"
                                    },
                                    "selectable": true,
                                    "draggable": true,
                                    "duplicatable": true,
                                    "deletable": true,
                                    "hideable": true,
                                    "text": "<p style=\"font-size: 14px; line-height: 140%;\"><strong><span style=\"color: #ffffff; font-size: 14px; line-height: 19.6px;\">One-week surfari for intermediate and advanced riders, including cruise boat accommodations</span></strong></p>"
                                }
                            },
                            {
                                "type": "image",
                                "values": {
                                    "containerPadding": "10px",
                                    "src": {
                                        "url": "https://sdemailmarketing.com/images/common/templates/messages/581/1/img/581_06.png",
                                        "width": 58,
                                        "height": 58,
                                        "autoWidth": true,
                                        "maxWidth": "15.21%"
                                    },
                                    "textAlign": "center",
                                    "altText": "Image",
                                    "action": {
                                        "name": "web",
                                        "values": {
                                            "href": "",
                                            "target": "_blank"
                                        }
                                    },
                                    "_meta": {
                                        "htmlID": "u_content_image_3",
                                        "htmlClassNames": "u_content_image"
                                    },
                                    "selectable": true,
                                    "draggable": true,
                                    "duplicatable": true,
                                    "deletable": true,
                                    "hideable": true
                                }
                            },
                            {
                                "type": "text",
                                "values": {
                                    "containerPadding": "10px",
                                    "textAlign": "left",
                                    "lineHeight": "140%",
                                    "linkStyle": {
                                        "inherit": true,
                                        "linkColor": "#0000ee",
                                        "linkHoverColor": "#0000ee",
                                        "linkUnderline": true,
                                        "linkHoverUnderline": true
                                    },
                                    "_meta": {
                                        "htmlID": "u_content_text_6",
                                        "htmlClassNames": "u_content_text"
                                    },
                                    "selectable": true,
                                    "draggable": true,
                                    "duplicatable": true,
                                    "deletable": true,
                                    "hideable": true,
                                    "text": "<p style=\"font-size: 14px; line-height: 140%;\"><strong><span style=\"color: #ffffff; font-size: 14px; line-height: 19.6px;\">Board and wetsuit rentals by the hour &ndash; guaranteed best price!</span></strong></p>"
                                }
                            },
                            {
                                "type": "text",
                                "values": {
                                    "containerPadding": "10px",
                                    "textAlign": "left",
                                    "lineHeight": "140%",
                                    "linkStyle": {
                                        "inherit": true,
                                        "linkColor": "#0000ee",
                                        "linkHoverColor": "#0000ee",
                                        "linkUnderline": true,
                                        "linkHoverUnderline": true
                                    },
                                    "_meta": {
                                        "htmlID": "u_content_text_9",
                                        "htmlClassNames": "u_content_text"
                                    },
                                    "selectable": true,
                                    "draggable": true,
                                    "duplicatable": true,
                                    "deletable": true,
                                    "hideable": true,
                                    "text": "<p style=\"font-size: 14px; line-height: 140%; text-align: center;\">&nbsp;</p>\n<p style=\"font-size: 14px; line-height: 140%; text-align: center;\"><strong><span style=\"font-size: 22px; line-height: 30.8px; color: #ffffff;\">FOR MORE DETAILS, <span style=\"color: #8fe3e5; font-size: 22px; line-height: 30.8px;\"><a style=\"color: #8fe3e5;\" href=\"https://www.com\" target=\"_blank\" rel=\"noopener\" data-u-link-value=\"eyJuYW1lIjoid2ViIiwiYXR0cnMiOnsiaHJlZiI6Int7aHJlZn19IiwidGFyZ2V0Ijoie3t0YXJnZXR9fSJ9LCJ2YWx1ZXMiOnsiaHJlZiI6Imh0dHBzOi8vd3d3LmNvbSIsInRhcmdldCI6Il9ibGFuayJ9fQ==\">CLICK HERE</a></span></span></strong><br /><strong><span style=\"font-size: 22px; line-height: 30.8px; color: #ffffff;\">OR FOR A 10% DISCOUNT:</span></strong></p>\n<p style=\"font-size: 14px; line-height: 140%; text-align: center;\">&nbsp;</p>"
                                }
                            },
                            {
                                "type": "button",
                                "values": {
                                    "containerPadding": "10px 10px 50px",
                                    "href": {
                                        "name": "web",
                                        "values": {
                                            "href": "",
                                            "target": "_blank"
                                        }
                                    },
                                    "buttonColors": {
                                        "color": "#FFFFFF",
                                        "backgroundColor": "#ff8e2a",
                                        "hoverColor": "#FFFFFF",
                                        "hoverBackgroundColor": "#3AAEE0"
                                    },
                                    "size": {
                                        "autoWidth": true,
                                        "width": "100%"
                                    },
                                    "textAlign": "center",
                                    "lineHeight": "120%",
                                    "padding": "20px 40px",
                                    "border": {
                                        "borderTopWidth": "0px",
                                        "borderTopStyle": "solid",
                                        "borderTopColor": "#CCC",
                                        "borderLeftWidth": "0px",
                                        "borderLeftStyle": "solid",
                                        "borderLeftColor": "#CCC",
                                        "borderRightWidth": "0px",
                                        "borderRightStyle": "solid",
                                        "borderRightColor": "#CCC",
                                        "borderBottomWidth": "0px",
                                        "borderBottomStyle": "solid",
                                        "borderBottomColor": "#CCC"
                                    },
                                    "borderRadius": "50px",
                                    "_meta": {
                                        "htmlID": "u_content_button_1",
                                        "htmlClassNames": "u_content_button"
                                    },
                                    "selectable": true,
                                    "draggable": true,
                                    "duplicatable": true,
                                    "deletable": true,
                                    "hideable": true,
                                    "text": "<strong><span style=\"font-size: 26px; line-height: 31.2px;\">BOOK TODAY</span></strong>",
                                    "calculatedWidth": 254,
                                    "calculatedHeight": 71
                                }
                            }
                        ],
                        "values": {
                            "backgroundColor": "",
                            "padding": "0px",
                            "border": {},
                            "_meta": {
                                "htmlID": "u_column_2",
                                "htmlClassNames": "u_column"
                            }
                        }
                    }
                ],
                "values": {
                    "displayCondition": null,
                    "columns": false,
                    "backgroundColor": "#ffffff",
                    "columnsBackgroundColor": "",
                    "backgroundImage": {
                        "url": "https://sdemailmarketing.com/images/common/templates/messages/581/1/img/581_01.jpg",
                        "width": 560,
                        "height": 1437,
                        "fullWidth": true,
                        "cover": false,
                        "repeat": false,
                        "center": true
                    },
                    "padding": "0px",
                    "hideDesktop": false,
                    "_meta": {
                        "htmlID": "u_row_2",
                        "htmlClassNames": "u_row"
                    },
                    "selectable": true,
                    "draggable": true,
                    "duplicatable": true,
                    "deletable": true,
                    "hideable": true
                }
            },
            {
                "cells": [
                    1
                ],
                "columns": [
                    {
                        "contents": [],
                        "values": {
                            "backgroundColor": "",
                            "padding": "0px",
                            "border": {},
                            "_meta": {
                                "htmlID": "u_column_4",
                                "htmlClassNames": "u_column"
                            }
                        }
                    }
                ],
                "values": {
                    "displayCondition": null,
                    "columns": false,
                    "backgroundColor": "",
                    "columnsBackgroundColor": "",
                    "backgroundImage": {
                        "url": "",
                        "fullWidth": true,
                        "repeat": false,
                        "center": true,
                        "cover": false
                    },
                    "padding": "0px",
                    "_meta": {
                        "htmlID": "u_row_4",
                        "htmlClassNames": "u_row"
                    },
                    "selectable": true,
                    "draggable": true,
                    "duplicatable": true,
                    "deletable": true,
                    "hideable": true
                }
            }
        ],
        "values": {
            "textColor": "#000000",
            "backgroundColor": "#e7e7e7",
            "backgroundImage": {
                "url": "",
                "fullWidth": true,
                "repeat": false,
                "center": true,
                "cover": false
            },
            "contentWidth": "500px",
            "contentAlign": "center",
            "fontFamily": {
                "label": "Arial",
                "value": "arial,helvetica,sans-serif"
            },
            "preheaderText": "",
            "linkStyle": {
                "body": true,
                "linkColor": "#0000ee",
                "linkHoverColor": "#0000ee",
                "linkUnderline": true,
                "linkHoverUnderline": true
            },
            "_meta": {
                "htmlID": "u_body",
                "htmlClassNames": "u_body"
            }
        }
    },
    "schemaVersion": 6
}