{
    "counters": {
        "u_column": 10,
        "u_row": 10,
        "u_content_image": 5,
        "u_content_text": 10,
        "u_content_divider": 1,
        "u_content_button": 3
    },
    "body": {
        "rows": [
            {
                "cells": [
                    1
                ],
                "columns": [
                    {
                        "contents": [
                            {
                                "type": "image",
                                "values": {
                                    "containerPadding": "40px 15px 45px",
                                    "src": {
                                        "url": "https://sdemailmarketing.com/images/common/templates/messages/569/1/img/569_01.png?img1621309202586",
                                        "width": 100,
                                        "height": 24
                                    },
                                    "textAlign": "center",
                                    "altText": "Image",
                                    "action": {
                                        "name": "web",
                                        "values": {
                                            "href": "",
                                            "target": "_blank"
                                        }
                                    },
                                    "_meta": {
                                        "htmlID": "u_content_image_1",
                                        "htmlClassNames": "u_content_image"
                                    },
                                    "selectable": true,
                                    "draggable": true,
                                    "duplicatable": true,
                                    "deletable": true,
                                    "hideable": true
                                }
                            },
                            {
                                "type": "text",
                                "values": {
                                    "containerPadding": "10px",
                                    "textAlign": "left",
                                    "lineHeight": "140%",
                                    "linkStyle": {
                                        "inherit": true,
                                        "linkColor": "#0000ee",
                                        "linkHoverColor": "#0000ee",
                                        "linkUnderline": true,
                                        "linkHoverUnderline": true
                                    },
                                    "_meta": {
                                        "htmlID": "u_content_text_3",
                                        "htmlClassNames": "u_content_text"
                                    },
                                    "selectable": true,
                                    "draggable": true,
                                    "duplicatable": true,
                                    "deletable": true,
                                    "hideable": true,
                                    "text": "<p style=\"font-size: 14px; line-height: 140%;\">This is a new Text block. Change the text.</p>"
                                }
                            },
                            {
                                "type": "text",
                                "values": {
                                    "containerPadding": "10px",
                                    "textAlign": "left",
                                    "lineHeight": "140%",
                                    "linkStyle": {
                                        "inherit": true,
                                        "linkColor": "#0000ee",
                                        "linkHoverColor": "#0000ee",
                                        "linkUnderline": true,
                                        "linkHoverUnderline": true
                                    },
                                    "_meta": {
                                        "htmlID": "u_content_text_5",
                                        "htmlClassNames": "u_content_text"
                                    },
                                    "selectable": true,
                                    "draggable": true,
                                    "duplicatable": true,
                                    "deletable": true,
                                    "hideable": true,
                                    "text": "<p style=\"font-size: 14px; line-height: 140%; text-align: center;\"><span style=\"color: #2affd9; font-size: 44px; line-height: 61.6px;\">Webinar Invite</span></p>"
                                }
                            },
                            {
                                "type": "image",
                                "values": {
                                    "containerPadding": "10px",
                                    "src": {
                                        "url": "https://sdemailmarketing.com/images/common/templates/messages/569/1/img/569_03.png?img1621309202586",
                                        "width": 164,
                                        "height": 164
                                    },
                                    "textAlign": "center",
                                    "altText": "Image",
                                    "action": {
                                        "name": "web",
                                        "values": {
                                            "href": "",
                                            "target": "_blank"
                                        }
                                    },
                                    "_meta": {
                                        "htmlID": "u_content_image_4",
                                        "htmlClassNames": "u_content_image"
                                    },
                                    "selectable": true,
                                    "draggable": true,
                                    "duplicatable": true,
                                    "deletable": true,
                                    "hideable": true
                                }
                            },
                            {
                                "type": "text",
                                "values": {
                                    "containerPadding": "10px",
                                    "textAlign": "left",
                                    "lineHeight": "140%",
                                    "linkStyle": {
                                        "inherit": true,
                                        "linkColor": "#0000ee",
                                        "linkHoverColor": "#0000ee",
                                        "linkUnderline": true,
                                        "linkHoverUnderline": true
                                    },
                                    "_meta": {
                                        "htmlID": "u_content_text_4",
                                        "htmlClassNames": "u_content_text"
                                    },
                                    "selectable": true,
                                    "draggable": true,
                                    "duplicatable": true,
                                    "deletable": true,
                                    "hideable": true,
                                    "text": "<p style=\"font-size: 14px; line-height: 140%; text-align: center;\"><span style=\"color: #ffffff; font-size: 16px; line-height: 22.4px;\">Join us for a free webinar with <span style=\"color: #22d2b4; font-size: 16px; line-height: 22.4px;\">Mike Smith</span>,</span><br /><span style=\"color: #ffffff; font-size: 16px; line-height: 22.4px;\">marketing expert and successful entrepreneur.</span></p>\n<p style=\"font-size: 14px; line-height: 140%; text-align: center;\">&nbsp;</p>"
                                }
                            }
                        ],
                        "values": {
                            "backgroundColor": "",
                            "padding": "0px",
                            "border": {
                                "borderTopWidth": "0px",
                                "borderTopStyle": "solid",
                                "borderLeftWidth": "0px",
                                "borderLeftStyle": "solid",
                                "borderRightWidth": "0px",
                                "borderRightStyle": "solid",
                                "borderBottomWidth": "0px",
                                "borderBottomStyle": "solid"
                            },
                            "_meta": {
                                "htmlID": "u_column_3",
                                "htmlClassNames": "u_column"
                            }
                        }
                    }
                ],
                "values": {
                    "displayCondition": null,
                    "columns": false,
                    "backgroundColor": "",
                    "columnsBackgroundColor": "",
                    "backgroundImage": {
                        "url": "https://sdemailmarketing.com/images/common/templates/messages/569/1/img/569_05.png",
                        "width": 560,
                        "height": 955,
                        "fullWidth": false,
                        "cover": false,
                        "repeat": true,
                        "center": true
                    },
                    "padding": "0px",
                    "_meta": {
                        "htmlID": "u_row_3",
                        "htmlClassNames": "u_row"
                    },
                    "selectable": true,
                    "draggable": true,
                    "duplicatable": true,
                    "deletable": true,
                    "hideable": true
                }
            },
            {
                "cells": [
                    1
                ],
                "columns": [
                    {
                        "contents": [
                            {
                                "type": "text",
                                "values": {
                                    "containerPadding": "10px",
                                    "textAlign": "left",
                                    "lineHeight": "140%",
                                    "linkStyle": {
                                        "inherit": true,
                                        "linkColor": "#0000ee",
                                        "linkHoverColor": "#0000ee",
                                        "linkUnderline": true,
                                        "linkHoverUnderline": true
                                    },
                                    "_meta": {
                                        "htmlID": "u_content_text_8",
                                        "htmlClassNames": "u_content_text"
                                    },
                                    "selectable": true,
                                    "draggable": true,
                                    "duplicatable": true,
                                    "deletable": true,
                                    "hideable": true,
                                    "text": "<p style=\"font-size: 14px; line-height: 140%; text-align: center;\"><span style=\"font-size: 18px; line-height: 25.2px; color: #030e12;\">Learn the top strategies for <strong>multiplying</strong></span><br /><strong><span style=\"font-size: 18px; line-height: 25.2px; color: #030e12;\">the ROI of your e-business.</span></strong></p>\n<p style=\"font-size: 14px; line-height: 140%; text-align: center;\"><br /><span style=\"font-size: 18px; line-height: 25.2px; color: #030e12;\">During the webinar, John will discuss how to be</span><br /><span style=\"font-size: 18px; line-height: 25.2px; color: #030e12;\">effective in a demanding and competitive market.</span></p>"
                                }
                            }
                        ],
                        "values": {
                            "backgroundColor": "#ffffff",
                            "padding": "0px",
                            "border": {},
                            "_meta": {
                                "htmlID": "u_column_5",
                                "htmlClassNames": "u_column"
                            }
                        }
                    }
                ],
                "values": {
                    "displayCondition": null,
                    "columns": false,
                    "backgroundColor": "",
                    "columnsBackgroundColor": "",
                    "backgroundImage": {
                        "url": "",
                        "fullWidth": true,
                        "repeat": false,
                        "center": true,
                        "cover": false
                    },
                    "padding": "0px",
                    "_meta": {
                        "htmlID": "u_row_5",
                        "htmlClassNames": "u_row"
                    },
                    "selectable": true,
                    "draggable": true,
                    "duplicatable": true,
                    "deletable": true,
                    "hideable": true
                }
            },
            {
                "cells": [
                    1
                ],
                "columns": [
                    {
                        "contents": [
                            {
                                "type": "divider",
                                "values": {
                                    "width": "100%",
                                    "border": {
                                        "borderTopWidth": "2px",
                                        "borderTopStyle": "solid",
                                        "borderTopColor": "#e5e5e5"
                                    },
                                    "textAlign": "center",
                                    "containerPadding": "30px 10px",
                                    "_meta": {
                                        "htmlID": "u_content_divider_1",
                                        "htmlClassNames": "u_content_divider"
                                    },
                                    "selectable": true,
                                    "draggable": true,
                                    "duplicatable": true,
                                    "deletable": true,
                                    "hideable": true
                                }
                            }
                        ],
                        "values": {
                            "backgroundColor": "#ffffff",
                            "padding": "0px",
                            "border": {},
                            "_meta": {
                                "htmlID": "u_column_6",
                                "htmlClassNames": "u_column"
                            }
                        }
                    }
                ],
                "values": {
                    "displayCondition": null,
                    "columns": false,
                    "backgroundColor": "",
                    "columnsBackgroundColor": "",
                    "backgroundImage": {
                        "url": "",
                        "fullWidth": true,
                        "repeat": false,
                        "center": true,
                        "cover": false
                    },
                    "padding": "0px",
                    "_meta": {
                        "htmlID": "u_row_6",
                        "htmlClassNames": "u_row"
                    },
                    "selectable": true,
                    "draggable": true,
                    "duplicatable": true,
                    "deletable": true,
                    "hideable": true
                }
            },
            {
                "cells": [
                    1
                ],
                "columns": [
                    {
                        "contents": [
                            {
                                "type": "text",
                                "values": {
                                    "containerPadding": "10px",
                                    "textAlign": "left",
                                    "lineHeight": "140%",
                                    "linkStyle": {
                                        "inherit": true,
                                        "linkColor": "#0000ee",
                                        "linkHoverColor": "#0000ee",
                                        "linkUnderline": true,
                                        "linkHoverUnderline": true
                                    },
                                    "_meta": {
                                        "htmlID": "u_content_text_9",
                                        "htmlClassNames": "u_content_text"
                                    },
                                    "selectable": true,
                                    "draggable": true,
                                    "duplicatable": true,
                                    "deletable": true,
                                    "hideable": true,
                                    "text": "<p style=\"font-size: 14px; line-height: 140%; text-align: center;\"><span style=\"font-size: 24px; line-height: 33.6px;\"><strong><span style=\"color: #194b63; line-height: 33.6px; font-size: 24px;\">Join us on january 27th, 10:00 AM</span></strong></span><br /><span style=\"color: #030e12; font-size: 14px; line-height: 19.6px;\">and learn how to enhance your business and boost your profits.</span></p>"
                                }
                            }
                        ],
                        "values": {
                            "backgroundColor": "#ffffff",
                            "padding": "0px",
                            "border": {},
                            "_meta": {
                                "htmlID": "u_column_8",
                                "htmlClassNames": "u_column"
                            }
                        }
                    }
                ],
                "values": {
                    "displayCondition": null,
                    "columns": false,
                    "backgroundColor": "",
                    "columnsBackgroundColor": "",
                    "backgroundImage": {
                        "url": "",
                        "fullWidth": true,
                        "repeat": false,
                        "center": true,
                        "cover": false
                    },
                    "padding": "0px",
                    "_meta": {
                        "htmlID": "u_row_8",
                        "htmlClassNames": "u_row"
                    },
                    "selectable": true,
                    "draggable": true,
                    "duplicatable": true,
                    "deletable": true,
                    "hideable": true
                }
            },
            {
                "cells": [
                    1
                ],
                "columns": [
                    {
                        "contents": [
                            {
                                "type": "button",
                                "values": {
                                    "containerPadding": "10px",
                                    "href": {
                                        "name": "web",
                                        "values": {
                                            "href": "",
                                            "target": "_blank"
                                        }
                                    },
                                    "buttonColors": {
                                        "color": "#FFFFFF",
                                        "backgroundColor": "#28e1c0",
                                        "hoverColor": "#FFFFFF",
                                        "hoverBackgroundColor": "#3AAEE0"
                                    },
                                    "size": {
                                        "autoWidth": true,
                                        "width": "100%"
                                    },
                                    "textAlign": "center",
                                    "lineHeight": "120%",
                                    "padding": "20px 45px",
                                    "border": {},
                                    "borderRadius": "50px",
                                    "_meta": {
                                        "htmlID": "u_content_button_1",
                                        "htmlClassNames": "u_content_button"
                                    },
                                    "selectable": true,
                                    "draggable": true,
                                    "duplicatable": true,
                                    "deletable": true,
                                    "hideable": true,
                                    "text": "<strong><span style=\"font-size: 24px; line-height: 28.8px;\">SIGN UP NOW!</span></strong>",
                                    "calculatedWidth": 262,
                                    "calculatedHeight": 68
                                }
                            }
                        ],
                        "values": {
                            "backgroundColor": "#ffffff",
                            "padding": "0px",
                            "border": {},
                            "_meta": {
                                "htmlID": "u_column_9",
                                "htmlClassNames": "u_column"
                            }
                        }
                    }
                ],
                "values": {
                    "displayCondition": null,
                    "columns": false,
                    "backgroundColor": "",
                    "columnsBackgroundColor": "",
                    "backgroundImage": {
                        "url": "",
                        "fullWidth": true,
                        "repeat": false,
                        "center": true,
                        "cover": false
                    },
                    "padding": "0px",
                    "_meta": {
                        "htmlID": "u_row_9",
                        "htmlClassNames": "u_row"
                    },
                    "selectable": true,
                    "draggable": true,
                    "duplicatable": true,
                    "deletable": true,
                    "hideable": true
                }
            },
            {
                "cells": [
                    1
                ],
                "columns": [
                    {
                        "contents": [
                            {
                                "type": "image",
                                "values": {
                                    "containerPadding": "50px 10px 10px",
                                    "src": {
                                        "url": "https://sdemailmarketing.com/images/common/templates/messages/569/1/img/569_04.png",
                                        "width": 560,
                                        "height": 37
                                    },
                                    "textAlign": "center",
                                    "altText": "Image",
                                    "action": {
                                        "name": "web",
                                        "values": {
                                            "href": "",
                                            "target": "_blank"
                                        }
                                    },
                                    "_meta": {
                                        "htmlID": "u_content_image_5",
                                        "htmlClassNames": "u_content_image"
                                    },
                                    "selectable": true,
                                    "draggable": true,
                                    "duplicatable": true,
                                    "deletable": true,
                                    "hideable": true
                                }
                            }
                        ],
                        "values": {
                            "backgroundColor": "#ffffff",
                            "padding": "0px",
                            "border": {},
                            "_meta": {
                                "htmlID": "u_column_10",
                                "htmlClassNames": "u_column"
                            }
                        }
                    }
                ],
                "values": {
                    "displayCondition": null,
                    "columns": false,
                    "backgroundColor": "",
                    "columnsBackgroundColor": "",
                    "backgroundImage": {
                        "url": "",
                        "fullWidth": true,
                        "repeat": false,
                        "center": true,
                        "cover": false
                    },
                    "padding": "0px",
                    "_meta": {
                        "htmlID": "u_row_10",
                        "htmlClassNames": "u_row"
                    },
                    "selectable": true,
                    "draggable": true,
                    "duplicatable": true,
                    "deletable": true,
                    "hideable": true
                }
            }
        ],
        "values": {
            "textColor": "#000000",
            "backgroundColor": "#eeeeee",
            "backgroundImage": {
                "url": "",
                "fullWidth": true,
                "repeat": false,
                "center": true,
                "cover": false
            },
            "contentWidth": "500px",
            "contentAlign": "center",
            "fontFamily": {
                "label": "Arial",
                "value": "arial,helvetica,sans-serif"
            },
            "preheaderText": "",
            "linkStyle": {
                "body": true,
                "linkColor": "#0000ee",
                "linkHoverColor": "#0000ee",
                "linkUnderline": true,
                "linkHoverUnderline": true
            },
            "_meta": {
                "htmlID": "u_body",
                "htmlClassNames": "u_body"
            }
        }
    },
    "schemaVersion": 6
}